Workbook

Sheet DATA 요약
G1: DL-G4547H
B2: [1] 카테고리별 요약(금액) | G2: CC670 | R2: (단위 : 백만원, TON)
B3: 금액 | D3: '2025.12 | E3: 25년 합계 (백만원) | F3: '2026.01 (실적) | G3: '2026.02 (실적) | H3: '2026.03 (실적) | I3: '2026.04 | J3: '2026.05 | K3: '2026.06 | L3: '2026.07 | M3: '2026.08 | N3: '2026.09 | O3: '2026.10 | P3: '2026.11 | Q3: '2026.12 | R3: 26년 합계 (백만원)
B4: 위생도기 | D4: =SUMIFS('통합 납품 계획'!$M$8:$M$6900,'통합 납품 계획'!$R$8:$R$6900,'DATA 요약'!$B$4,'통합 납품 계획'!$D$8:$D$6900,'DATA 요약'!D3) -> 0 | E4: =SUM(D4:D4) -> 0 | F4: 2987886732 | G4: 2966540550 | H4: 2069431326 | I4: =SUMIFS('통합 납품 계획'!$M$8:$M$6900,'통합 납품 계획'!$R$8:$R$6900,'DATA 요약'!$B$4,'통합 납품 계획'!$D$8:$D$6900,'DATA 요약'!I3) -> 3.4647979e+09 | J4: =SUMIFS('통합 납품 계획'!$M$8:$M$6900,'통합 납품 계획'!$R$8:$R$6900,'DATA 요약'!$B$4,'통합 납품 계획'!$D$8:$D$6900,'DATA 요약'!J3) -> 3.3051755e+09 | K4: =SUMIFS('통합 납품 계획'!$M$8:$M$6900,'통합 납품 계획'!$R$8:$R$6900,'DATA 요약'!$B$4,'통합 납품 계획'!$D$8:$D$6900,'DATA 요약'!K3) -> 2809544847 | L4: =SUMIFS('통합 납품 계획'!$M$8:$M$6900,'통합 납품 계획'!$R$8:$R$6900,'DATA 요약'!$B$4,'통합 납품 계획'!$D$8:$D$6900,'DATA 요약'!L3) -> 1128637432 | M4: =SUMIFS('통합 납품 계획'!$M$8:$M$6900,'통합 납품 계획'!$R$8:$R$6900,'DATA 요약'!$B$4,'통합 납품 계획'!$D$8:$D$6900,'DATA 요약'!M3) -> 2668153196 | N4: =SUMIFS('통합 납품 계획'!$M$8:$M$6900,'통합 납품 계획'!$R$8:$R$6900,'DATA 요약'!$B$4,'통합 납품 계획'!$D$8:$D$6900,'DATA 요약'!N3) -> 1.6377336e+09 | O4: =SUMIFS('통합 납품 계획'!$M$8:$M$6900,'통합 납품 계획'!$R$8:$R$6900,'DATA 요약'!$B$4,'통합 납품 계획'!$D$8:$D$6900,'DATA 요약'!O3) -> 1036977839 | P4: =SUMIFS('통합 납품 계획'!$M$8:$M$6900,'통합 납품 계획'!$R$8:$R$6900,'DATA 요약'!$B$4,'통합 납품 계획'!$D$8:$D$6900,'DATA 요약'!P3) -> 2.8955715e+08 | Q4: =SUMIFS('통합 납품 계획'!$M$8:$M$6900,'통합 납품 계획'!$R$8:$R$6900,'DATA 요약'!$B$4,'통합 납품 계획'!$D$8:$D$6900,'DATA 요약'!Q3) -> 1.9583856e+09 | R4: =SUM(F4:Q4) -> 2.6322822e+10
B5: OEM | D5: =SUMIFS('통합 납품 계획'!$M$8:$M$6900,'통합 납품 계획'!$R$8:$R$6900,'DATA 요약'!$B$5,'통합 납품 계획'!$D$8:$D$6900,'DATA 요약'!D3) -> 0 | E5: =SUM(D5:D5) -> 0 | F5: 568486209 | G5: 849732511 | H5: 464127510 | I5: =SUMIFS('통합 납품 계획'!$M$8:$M$6900,'통합 납품 계획'!$R$8:$R$6900,'DATA 요약'!$B$5,'통합 납품 계획'!$D$8:$D$6900,'DATA 요약'!I3) -> 489380985 | J5: =SUMIFS('통합 납품 계획'!$M$8:$M$6900,'통합 납품 계획'!$R$8:$R$6900,'DATA 요약'!$B$5,'통합 납품 계획'!$D$8:$D$6900,'DATA 요약'!J3) -> 3.0723334e+08 | K5: =SUMIFS('통합 납품 계획'!$M$8:$M$6900,'통합 납품 계획'!$R$8:$R$6900,'DATA 요약'!$B$5,'통합 납품 계획'!$D$8:$D$6900,'DATA 요약'!K3) -> 409453628 | L5: =SUMIFS('통합 납품 계획'!$M$8:$M$6900,'통합 납품 계획'!$R$8:$R$6900,'DATA 요약'!$B$5,'통합 납품 계획'!$D$8:$D$6900,'DATA 요약'!L3) -> 393526701 | M5: =SUMIFS('통합 납품 계획'!$M$8:$M$6900,'통합 납품 계획'!$R$8:$R$6900,'DATA 요약'!$B$5,'통합 납품 계획'!$D$8:$D$6900,'DATA 요약'!M3) -> 596881699 | N5: =SUMIFS('통합 납품 계획'!$M$8:$M$6900,'통합 납품 계획'!$R$8:$R$6900,'DATA 요약'!$B$5,'통합 납품 계획'!$D$8:$D$6900,'DATA 요약'!N3) -> 401478046 | O5: =SUMIFS('통합 납품 계획'!$M$8:$M$6900,'통합 납품 계획'!$R$8:$R$6900,'DATA 요약'!$B$5,'통합 납품 계획'!$D$8:$D$6900,'DATA 요약'!O3) -> 254901938 | P5: =SUMIFS('통합 납품 계획'!$M$8:$M$6900,'통합 납품 계획'!$R$8:$R$6900,'DATA 요약'!$B$5,'통합 납품 계획'!$D$8:$D$6900,'DATA 요약'!P3) -> 96989927 | Q5: =SUMIFS('통합 납품 계획'!$M$8:$M$6900,'통합 납품 계획'!$R$8:$R$6900,'DATA 요약'!$B$5,'통합 납품 계획'!$D$8:$D$6900,'DATA 요약'!Q3) -> 165081642 | R5: =SUM(F5:Q5) -> 4.9972741e+09
B6: 수전 | D6: =SUMIFS('통합 납품 계획'!$M$8:$M$6900,'통합 납품 계획'!$R$8:$R$6900,'DATA 요약'!$B$6,'통합 납품 계획'!$D$8:$D$6900,'DATA 요약'!D3) -> 0 | E6: =SUM(D6:D6) -> 0 | F6: 2069548978 | G6: 1654823958 | H6: 1773891556 | I6: =SUMIFS('통합 납품 계획'!$M$8:$M$6900,'통합 납품 계획'!$R$8:$R$6900,'DATA 요약'!$B$6,'통합 납품 계획'!$D$8:$D$6900,'DATA 요약'!I3) -> 1.0881141e+09 | J6: =SUMIFS('통합 납품 계획'!$M$8:$M$6900,'통합 납품 계획'!$R$8:$R$6900,'DATA 요약'!$B$6,'통합 납품 계획'!$D$8:$D$6900,'DATA 요약'!J3) -> 7.4727147e+08 | K6: =SUMIFS('통합 납품 계획'!$M$8:$M$6900,'통합 납품 계획'!$R$8:$R$6900,'DATA 요약'!$B$6,'통합 납품 계획'!$D$8:$D$6900,'DATA 요약'!K3) -> 1.0502271e+09 | L6: =SUMIFS('통합 납품 계획'!$M$8:$M$6900,'통합 납품 계획'!$R$8:$R$6900,'DATA 요약'!$B$6,'통합 납품 계획'!$D$8:$D$6900,'DATA 요약'!L3) -> 481087895 | M6: =SUMIFS('통합 납품 계획'!$M$8:$M$6900,'통합 납품 계획'!$R$8:$R$6900,'DATA 요약'!$B$6,'통합 납품 계획'!$D$8:$D$6900,'DATA 요약'!M3) -> 1868568288 | N6: =SUMIFS('통합 납품 계획'!$M$8:$M$6900,'통합 납품 계획'!$R$8:$R$6900,'DATA 요약'!$B$6,'통합 납품 계획'!$D$8:$D$6900,'DATA 요약'!N3) -> 410129320 | O6: =SUMIFS('통합 납품 계획'!$M$8:$M$6900,'통합 납품 계획'!$R$8:$R$6900,'DATA 요약'!$B$6,'통합 납품 계획'!$D$8:$D$6900,'DATA 요약'!O3) -> 739499532 | P6: =SUMIFS('통합 납품 계획'!$M$8:$M$6900,'통합 납품 계획'!$R$8:$R$6900,'DATA 요약'!$B$6,'통합 납품 계획'!$D$8:$D$6900,'DATA 요약'!P3) -> 866557766 | Q6: =SUMIFS('통합 납품 계획'!$M$8:$M$6900,'통합 납품 계획'!$R$8:$R$6900,'DATA 요약'!$B$6,'통합 납품 계획'!$D$8:$D$6900,'DATA 요약'!Q3) -> 7.115753e+08 | R6: =SUM(F6:Q6) -> 1.3461295e+10
B7: 비데 | D7: =SUMIFS('통합 납품 계획'!$M$8:$M$6900,'통합 납품 계획'!$R$8:$R$6900,'DATA 요약'!$B$7,'통합 납품 계획'!$D$8:$D$6900,'DATA 요약'!D3) -> 0 | E7: =SUM(D7:D7) -> 0 | F7: 472809600 | G7: 789031890 | H7: 128978630 | I7: =SUMIFS('통합 납품 계획'!$M$8:$M$6900,'통합 납품 계획'!$R$8:$R$6900,'DATA 요약'!$B$7,'통합 납품 계획'!$D$8:$D$6900,'DATA 요약'!I3) -> 1.1679181e+09 | J7: =SUMIFS('통합 납품 계획'!$M$8:$M$6900,'통합 납품 계획'!$R$8:$R$6900,'DATA 요약'!$B$7,'통합 납품 계획'!$D$8:$D$6900,'DATA 요약'!J3) -> 4.7140829e+08 | K7: =SUMIFS('통합 납품 계획'!$M$8:$M$6900,'통합 납품 계획'!$R$8:$R$6900,'DATA 요약'!$B$7,'통합 납품 계획'!$D$8:$D$6900,'DATA 요약'!K3) -> 3183760133 | L7: =SUMIFS('통합 납품 계획'!$M$8:$M$6900,'통합 납품 계획'!$R$8:$R$6900,'DATA 요약'!$B$7,'통합 납품 계획'!$D$8:$D$6900,'DATA 요약'!L3) -> 67248750 | M7: =SUMIFS('통합 납품 계획'!$M$8:$M$6900,'통합 납품 계획'!$R$8:$R$6900,'DATA 요약'!$B$7,'통합 납품 계획'!$D$8:$D$6900,'DATA 요약'!M3) -> 251999598 | N7: =SUMIFS('통합 납품 계획'!$M$8:$M$6900,'통합 납품 계획'!$R$8:$R$6900,'DATA 요약'!$B$7,'통합 납품 계획'!$D$8:$D$6900,'DATA 요약'!N3) -> 2.1406393e+08 | O7: =SUMIFS('통합 납품 계획'!$M$8:$M$6900,'통합 납품 계획'!$R$8:$R$6900,'DATA 요약'!$B$7,'통합 납품 계획'!$D$8:$D$6900,'DATA 요약'!O3) -> 256554506 | P7: =SUMIFS('통합 납품 계획'!$M$8:$M$6900,'통합 납품 계획'!$R$8:$R$6900,'DATA 요약'!$B$7,'통합 납품 계획'!$D$8:$D$6900,'DATA 요약'!P3) -> 99846996 | Q7: =SUMIFS('통합 납품 계획'!$M$8:$M$6900,'통합 납품 계획'!$R$8:$R$6900,'DATA 요약'!$B$7,'통합 납품 계획'!$D$8:$D$6900,'DATA 요약'!Q3) -> 623130714 | R7: =SUM(F7:Q7) -> 7.7267511e+09
B8: 상품 | C8: (반다리, 하부장) | D8: =SUMIFS('통합 납품 계획'!$M$8:$M$6900,'통합 납품 계획'!$R$8:$R$6900,'DATA 요약'!$B$8,'통합 납품 계획'!$D$8:$D$6900,'DATA 요약'!D3) -> 0 | E8: =SUM(D8:D8) -> 0 | F8: 446800000 | G8: 141286000 | H8: 68140000 | I8: =SUMIFS('통합 납품 계획'!$M$8:$M$6900,'통합 납품 계획'!$R$8:$R$6900,'DATA 요약'!$B$8,'통합 납품 계획'!$D$8:$D$6900,'DATA 요약'!I3) -> 166952777 | J8: =SUMIFS('통합 납품 계획'!$M$8:$M$6900,'통합 납품 계획'!$R$8:$R$6900,'DATA 요약'!$B$8,'통합 납품 계획'!$D$8:$D$6900,'DATA 요약'!J3) -> 3.0853367e+08 | K8: =SUMIFS('통합 납품 계획'!$M$8:$M$6900,'통합 납품 계획'!$R$8:$R$6900,'DATA 요약'!$B$8,'통합 납품 계획'!$D$8:$D$6900,'DATA 요약'!K3) -> 45841920 | L8: =SUMIFS('통합 납품 계획'!$M$8:$M$6900,'통합 납품 계획'!$R$8:$R$6900,'DATA 요약'!$B$8,'통합 납품 계획'!$D$8:$D$6900,'DATA 요약'!L3) -> 7383684 | M8: =SUMIFS('통합 납품 계획'!$M$8:$M$6900,'통합 납품 계획'!$R$8:$R$6900,'DATA 요약'!$B$8,'통합 납품 계획'!$D$8:$D$6900,'DATA 요약'!M3) -> 750672204 | N8: =SUMIFS('통합 납품 계획'!$M$8:$M$6900,'통합 납품 계획'!$R$8:$R$6900,'DATA 요약'!$B$8,'통합 납품 계획'!$D$8:$D$6900,'DATA 요약'!N3) -> 4.4526831e+08 | O8: =SUMIFS('통합 납품 계획'!$M$8:$M$6900,'통합 납품 계획'!$R$8:$R$6900,'DATA 요약'!$B$8,'통합 납품 계획'!$D$8:$D$6900,'DATA 요약'!O3) -> 35861764 | P8: =SUMIFS('통합 납품 계획'!$M$8:$M$6900,'통합 납품 계획'!$R$8:$R$6900,'DATA 요약'!$B$8,'통합 납품 계획'!$D$8:$D$6900,'DATA 요약'!P3) -> 0 | Q8: =SUMIFS('통합 납품 계획'!$M$8:$M$6900,'통합 납품 계획'!$R$8:$R$6900,'DATA 요약'!$B$8,'통합 납품 계획'!$D$8:$D$6900,'DATA 요약'!Q3) -> 99418984 | R8: =SUM(F8:Q8) -> 2.5161593e+09
B9: 상품 | C9: (양부속, 트랩) | D9: =(D4+D5)*17% -> 0 | E9: =SUM(D9:D9) -> 0 | F9: 642072925 | G9: 821977990 | H9: 501540864 | I9: =(I4+I5)*20% -> 7.9083577e+08 | J9: =(J4+J5)*20% -> 7.2248177e+08 | K9: =(K4+K5)*20% -> 643799695 | L9: =(L4+L5)*20% -> 3.0443283e+08 | M9: =(M4+M5)*20% -> 653006979 | N9: =(N4+N5)*20% -> 4.0784232e+08 | O9: =(O4+O5)*20% -> 2.5837596e+08 | P9: =(P4+P5)*20% -> 77309415 | Q9: =(Q4+Q5)*20% -> 4.2469345e+08 | R9: =SUM(F9:Q9) -> 6.24837e+09
B10: 합계 | D10: =SUM(D4:D9) -> 0 | E10: =SUM(D10:D10) -> 0 | F10: =SUM(F4:F9) -> 7187604444 | G10: =SUM(G4:G9) -> 7223392899 | H10: =SUM(H4:H9) -> 5006109886 | I10: =SUM(I4:I9) -> 7.1679996e+09 | J10: =SUM(J4:J9) -> 5.862104e+09 | K10: =SUM(K4:K9) -> 8.1426273e+09 | L10: =SUM(L4:L9) -> 2.3823173e+09 | M10: =SUM(M4:M9) -> 6789281964 | ... Q10: =SUM(Q4:Q9) -> 3.9822857e+09 | R10: =SUM(F10:Q10) -> 6.1272671e+10
B11: [2] 카테고리별 요약(중량) | G11: BFL410
B12: 중량 | D12: '2025.12 | E12: 25년 합계 (TON) | F12: '2026.01 (실적) | G12: '2026.02 (실적) | H12: '2026.03 (실적) | I12: '2026.04 | J12: '2026.05 | K12: '2026.06 | L12: '2026.07 | M12: '2026.08 | N12: '2026.09 | O12: '2026.10 | P12: '2026.11 | Q12: '2026.12 | R12: 26년 합계 (TON)
B13: 위생도기 | D13: =SUMIFS('통합 납품 계획'!$L$8:$L$6900,'통합 납품 계획'!$R$8:$R$6900,'DATA 요약'!$B$4,'통합 납품 계획'!$D$8:$D$6900,'DATA 요약'!D12) -> 0 | E13: =SUM(D13:D13) -> 0 | F13: 642 | G13: 674 | H13: 454 | I13: =SUMIFS('통합 납품 계획'!$L$8:$L$6900,'통합 납품 계획'!$R$8:$R$6900,'DATA 요약'!$B$4,'통합 납품 계획'!$D$8:$D$6900,'DATA 요약'!I12) -> 656.4279 | J13: =SUMIFS('통합 납품 계획'!$L$8:$L$6900,'통합 납품 계획'!$R$8:$R$6900,'DATA 요약'!$B$4,'통합 납품 계획'!$D$8:$D$6900,'DATA 요약'!J12) -> 647.8392 | K13: =SUMIFS('통합 납품 계획'!$L$8:$L$6900,'통합 납품 계획'!$R$8:$R$6900,'DATA 요약'!$B$4,'통합 납품 계획'!$D$8:$D$6900,'DATA 요약'!K12) -> 585.4587 | L13: =SUMIFS('통합 납품 계획'!$L$8:$L$6900,'통합 납품 계획'!$R$8:$R$6900,'DATA 요약'!$B$4,'통합 납품 계획'!$D$8:$D$6900,'DATA 요약'!L12) -> 242.2574 | M13: =SUMIFS('통합 납품 계획'!$L$8:$L$6900,'통합 납품 계획'!$R$8:$R$6900,'DATA 요약'!$B$4,'통합 납품 계획'!$D$8:$D$6900,'DATA 요약'!M12) -> 578.5037 | N13: =SUMIFS('통합 납품 계획'!$L$8:$L$6900,'통합 납품 계획'!$R$8:$R$6900,'DATA 요약'!$B$4,'통합 납품 계획'!$D$8:$D$6900,'DATA 요약'!N12) -> 289.7372 | O13: =SUMIFS('통합 납품 계획'!$L$8:$L$6900,'통합 납품 계획'!$R$8:$R$6900,'DATA 요약'!$B$4,'통합 납품 계획'!$D$8:$D$6900,'DATA 요약'!O12) -> 196.5352 | P13: =SUMIFS('통합 납품 계획'!$L$8:$L$6900,'통합 납품 계획'!$R$8:$R$6900,'DATA 요약'!$B$4,'통합 납품 계획'!$D$8:$D$6900,'DATA 요약'!P12) -> 48.8594 | Q13: =SUMIFS('통합 납품 계획'!$L$8:$L$6900,'통합 납품 계획'!$R$8:$R$6900,'DATA 요약'!$B$4,'통합 납품 계획'!$D$8:$D$6900,'DATA 요약'!Q12) -> 415.4709 | R13: =SUM(F13:Q13) -> 5431.0896
B14: OEM | D14: =SUMIFS('통합 납품 계획'!$L$8:$L$6900,'통합 납품 계획'!$R$8:$R$6900,'DATA 요약'!$B$5,'통합 납품 계획'!$D$8:$D$6900,'DATA 요약'!D12) -> 0 | E14: =SUM(D14:D14) -> 0 | F14: 223 | G14: 385 | H14: 168 | I14: =SUMIFS('통합 납품 계획'!$L$8:$L$6900,'통합 납품 계획'!$R$8:$R$6900,'DATA 요약'!$B$5,'통합 납품 계획'!$D$8:$D$6900,'DATA 요약'!I12) -> 160.6523 | J14: =SUMIFS('통합 납품 계획'!$L$8:$L$6900,'통합 납품 계획'!$R$8:$R$6900,'DATA 요약'!$B$5,'통합 납품 계획'!$D$8:$D$6900,'DATA 요약'!J12) -> 123.8615 | K14: =SUMIFS('통합 납품 계획'!$L$8:$L$6900,'통합 납품 계획'!$R$8:$R$6900,'DATA 요약'!$B$5,'통합 납품 계획'!$D$8:$D$6900,'DATA 요약'!K12) -> 178.9495 | L14: =SUMIFS('통합 납품 계획'!$L$8:$L$6900,'통합 납품 계획'!$R$8:$R$6900,'DATA 요약'!$B$5,'통합 납품 계획'!$D$8:$D$6900,'DATA 요약'!L12) -> 185.649 | M14: =SUMIFS('통합 납품 계획'!$L$8:$L$6900,'통합 납품 계획'!$R$8:$R$6900,'DATA 요약'!$B$5,'통합 납품 계획'!$D$8:$D$6900,'DATA 요약'!M12) -> 253.029 | N14: =SUMIFS('통합 납품 계획'!$L$8:$L$6900,'통합 납품 계획'!$R$8:$R$6900,'DATA 요약'!$B$5,'통합 납품 계획'!$D$8:$D$6900,'DATA 요약'!N12) -> 157.5122 | O14: =SUMIFS('통합 납품 계획'!$L$8:$L$6900,'통합 납품 계획'!$R$8:$R$6900,'DATA 요약'!$B$5,'통합 납품 계획'!$D$8:$D$6900,'DATA 요약'!O12) -> 112.5321 | P14: =SUMIFS('통합 납품 계획'!$L$8:$L$6900,'통합 납품 계획'!$R$8:$R$6900,'DATA 요약'!$B$5,'통합 납품 계획'!$D$8:$D$6900,'DATA 요약'!P12) -> 69.7138 | Q14: =SUMIFS('통합 납품 계획'!$L$8:$L$6900,'통합 납품 계획'!$R$8:$R$6900,'DATA 요약'!$B$5,'통합 납품 계획'!$D$8:$D$6900,'DATA 요약'!Q12) -> 73.142 | R14: =SUM(F14:Q14) -> 2091.0414
B15: 합계 | D15: =SUM(D13:D14) -> 0 | E15: =SUM(D15:D15) -> 0 | F15: =SUM(F13:F14) -> 865 | G15: =SUM(G13:G14) -> 1059 | H15: =SUM(H13:H14) -> 622 | I15: =SUM(I13:I14) -> 817.0802 | J15: =SUM(J13:J14) -> 771.7007 | K15: =SUM(K13:K14) -> 764.4082 | L15: =SUM(L13:L14) -> 427.9064 | M15: =SUM(M13:M14) -> 831.5327 | ... Q15: =SUM(Q13:Q14) -> 488.6129 | R15: =SUM(F15:Q15) -> 7522.131
G16: DL-P4202
B17: [3] 품번 요약(노란음영 원하는 품번 입력)
G18: 품목 | Q18: (단위 : EA, 백만원)
B19: 품번 | C19: 납품수량 | D19: '2025.12 | E19: 25년 합계 | F19: '2026.01 | G19: '2026.02 | H19: '2026.03 | I19: '2026.04 | J19: '2026.05 | K19: '2026.06 | L19: '2026.07 | M19: '2026.08 | N19: '2026.09 | O19: '2026.10 | P19: '2026.11 | Q19: '2026.12 | R19: 26년 합계
B20: CLR339 | C20: 수량 | D20: =SUMIFS('통합 납품 계획'!$H$8:$H$6900,'통합 납품 계획'!$F$8:$F$6900,'DATA 요약'!$B$20,'통합 납품 계획'!$D$8:$D$6900,'DATA 요약'!D19) -> 0 | E20: =SUM(D20:D20) -> 0 | F20: =SUMIFS('통합 납품 계획'!$H$8:$H$6900,'통합 납품 계획'!$F$8:$F$6900,'DATA 요약'!$B$20,'통합 납품 계획'!$D$8:$D$6900,'DATA 요약'!F19) -> 0 | G20: =SUMIFS('통합 납품 계획'!$H$8:$H$6900,'통합 납품 계획'!$F$8:$F$6900,'DATA 요약'!$B$20,'통합 납품 계획'!$D$8:$D$6900,'DATA 요약'!G19) -> 0 | H20: =SUMIFS('통합 납품 계획'!$H$8:$H$6900,'통합 납품 계획'!$F$8:$F$6900,'DATA 요약'!$B$20,'통합 납품 계획'!$D$8:$D$6900,'DATA 요약'!H19) -> 0 | I20: =SUMIFS('통합 납품 계획'!$H$8:$H$6900,'통합 납품 계획'!$F$8:$F$6900,'DATA 요약'!$B$20,'통합 납품 계획'!$D$8:$D$6900,'DATA 요약'!I19) -> 192 | J20: =SUMIFS('통합 납품 계획'!$H$8:$H$6900,'통합 납품 계획'!$F$8:$F$6900,'DATA 요약'!$B$20,'통합 납품 계획'!$D$8:$D$6900,'DATA 요약'!J19) -> 949 | K20: =SUMIFS('통합 납품 계획'!$H$8:$H$6900,'통합 납품 계획'!$F$8:$F$6900,'DATA 요약'!$B$20,'통합 납품 계획'!$D$8:$D$6900,'DATA 요약'!K19) -> 0 | L20: =SUMIFS('통합 납품 계획'!$H$8:$H$6900,'통합 납품 계획'!$F$8:$F$6900,'DATA 요약'!$B$20,'통합 납품 계획'!$D$8:$D$6900,'DATA 요약'!L19) -> 0 | M20: =SUMIFS('통합 납품 계획'!$H$8:$H$6900,'통합 납품 계획'!$F$8:$F$6900,'DATA 요약'!$B$20,'통합 납품 계획'!$D$8:$D$6900,'DATA 요약'!M19) -> 2024 | ... Q20: =SUMIFS('통합 납품 계획'!$H$8:$H$6900,'통합 납품 계획'!$F$8:$F$6900,'DATA 요약'!$B$20,'통합 납품 계획'!$D$8:$D$6900,'DATA 요약'!Q19) -> 0 | R20: =SUM(F20:Q20) -> 3828
C21: 금액 | D21: =SUMIFS('통합 납품 계획'!$M$8:$M$6900,'통합 납품 계획'!$F$8:$F$6900,'DATA 요약'!$B$20,'통합 납품 계획'!$D$8:$D$6900,'DATA 요약'!D19) -> 0 | E21: =SUM(D21:D21) -> 0 | F21: =SUMIFS('통합 납품 계획'!$M$8:$M$6900,'통합 납품 계획'!$F$8:$F$6900,'DATA 요약'!$B$20,'통합 납품 계획'!$D$8:$D$6900,'DATA 요약'!F19) -> 0 | G21: =SUMIFS('통합 납품 계획'!$M$8:$M$6900,'통합 납품 계획'!$F$8:$F$6900,'DATA 요약'!$B$20,'통합 납품 계획'!$D$8:$D$6900,'DATA 요약'!G19) -> 0 | H21: =SUMIFS('통합 납품 계획'!$M$8:$M$6900,'통합 납품 계획'!$F$8:$F$6900,'DATA 요약'!$B$20,'통합 납품 계획'!$D$8:$D$6900,'DATA 요약'!H19) -> 0 | I21: =SUMIFS('통합 납품 계획'!$M$8:$M$6900,'통합 납품 계획'!$F$8:$F$6900,'DATA 요약'!$B$20,'통합 납품 계획'!$D$8:$D$6900,'DATA 요약'!I19) -> 11379072 | J21: =SUMIFS('통합 납품 계획'!$M$8:$M$6900,'통합 납품 계획'!$F$8:$F$6900,'DATA 요약'!$B$20,'통합 납품 계획'!$D$8:$D$6900,'DATA 요약'!J19) -> 56243434 | K21: =SUMIFS('통합 납품 계획'!$M$8:$M$6900,'통합 납품 계획'!$F$8:$F$6900,'DATA 요약'!$B$20,'통합 납품 계획'!$D$8:$D$6900,'DATA 요약'!K19) -> 0 | L21: =SUMIFS('통합 납품 계획'!$M$8:$M$6900,'통합 납품 계획'!$F$8:$F$6900,'DATA 요약'!$B$20,'통합 납품 계획'!$D$8:$D$6900,'DATA 요약'!L19) -> 0 | M21: =SUMIFS('통합 납품 계획'!$M$8:$M$6900,'통합 납품 계획'!$F$8:$F$6900,'DATA 요약'!$B$20,'통합 납품 계획'!$D$8:$D$6900,'DATA 요약'!M19) -> 119954384 | ... Q21: =SUMIFS('통합 납품 계획'!$M$8:$M$6900,'통합 납품 계획'!$F$8:$F$6900,'DATA 요약'!$B$20,'통합 납품 계획'!$D$8:$D$6900,'DATA 요약'!Q19) -> 0 | R21: =SUM(F21:Q21) -> 226870248
G22: DL-S4516
B23: [4] 품목 요약(노란음영 원하는 품목 입력) | G23: DL-B9119HRS3
G24: DL-P4014 | Q24: (단위 : EA, 백만원)
B25: 품번 | C25: 납품수량 | D25: '2025.12 | E25: 25년 합계 | F25: '2026.01 | G25: '2026.02 | H25: '2026.03 | I25: '2026.04 | J25: '2026.05 | K25: '2026.06 | L25: '2026.07 | M25: '2026.08 | N25: '2026.09 | O25: '2026.10 | P25: '2026.11 | Q25: '2026.12 | R25: 26년 합계
B26: 일체형양변기 | C26: 수량 | D26: =SUMIFS('통합 납품 계획'!$H$8:$H$6900,'통합 납품 계획'!$Q$8:$Q$6900,'DATA 요약'!$B$26,'통합 납품 계획'!$D$8:$D$6900,'DATA 요약'!D25) -> 0 | E26: =SUM(D26:D26) -> 0 | F26: =SUMIFS('통합 납품 계획'!$H$8:$H$6900,'통합 납품 계획'!$Q$8:$Q$6900,'DATA 요약'!$B$26,'통합 납품 계획'!$D$8:$D$6900,'DATA 요약'!F25) -> 0 | G26: =SUMIFS('통합 납품 계획'!$H$8:$H$6900,'통합 납품 계획'!$Q$8:$Q$6900,'DATA 요약'!$B$26,'통합 납품 계획'!$D$8:$D$6900,'DATA 요약'!G25) -> 0 | H26: =SUMIFS('통합 납품 계획'!$H$8:$H$6900,'통합 납품 계획'!$Q$8:$Q$6900,'DATA 요약'!$B$26,'통합 납품 계획'!$D$8:$D$6900,'DATA 요약'!H25) -> 0 | I26: =SUMIFS('통합 납품 계획'!$H$8:$H$6900,'통합 납품 계획'!$Q$8:$Q$6900,'DATA 요약'!$B$26,'통합 납품 계획'!$D$8:$D$6900,'DATA 요약'!I25) -> 5190 | J26: =SUMIFS('통합 납품 계획'!$H$8:$H$6900,'통합 납품 계획'!$Q$8:$Q$6900,'DATA 요약'!$B$26,'통합 납품 계획'!$D$8:$D$6900,'DATA 요약'!J25) -> 3184 | K26: =SUMIFS('통합 납품 계획'!$H$8:$H$6900,'통합 납품 계획'!$Q$8:$Q$6900,'DATA 요약'!$B$26,'통합 납품 계획'!$D$8:$D$6900,'DATA 요약'!K25) -> 2073 | L26: =SUMIFS('통합 납품 계획'!$H$8:$H$6900,'통합 납품 계획'!$Q$8:$Q$6900,'DATA 요약'!$B$26,'통합 납품 계획'!$D$8:$D$6900,'DATA 요약'!L25) -> 322 | M26: =SUMIFS('통합 납품 계획'!$H$8:$H$6900,'통합 납품 계획'!$Q$8:$Q$6900,'DATA 요약'!$B$26,'통합 납품 계획'!$D$8:$D$6900,'DATA 요약'!M25) -> 1342 | ... Q26: =SUMIFS('통합 납품 계획'!$H$8:$H$6900,'통합 납품 계획'!$Q$8:$Q$6900,'DATA 요약'!$B$26,'통합 납품 계획'!$D$8:$D$6900,'DATA 요약'!Q25) -> 1381 | R26: =SUM(F26:Q26) -> 19733
C27: 금액 | D27: =SUMIFS('통합 납품 계획'!$M$8:$M$6900,'통합 납품 계획'!$Q$8:$Q$6900,'DATA 요약'!$B$26,'통합 납품 계획'!$D$8:$D$6900,'DATA 요약'!D25) -> 0 | E27: =SUM(D27:D27) -> 0 | F27: =SUMIFS('통합 납품 계획'!$M$8:$M$6900,'통합 납품 계획'!$Q$8:$Q$6900,'DATA 요약'!$B$26,'통합 납품 계획'!$D$8:$D$6900,'DATA 요약'!F25) -> 0 | G27: =SUMIFS('통합 납품 계획'!$M$8:$M$6900,'통합 납품 계획'!$Q$8:$Q$6900,'DATA 요약'!$B$26,'통합 납품 계획'!$D$8:$D$6900,'DATA 요약'!G25) -> 0 | H27: =SUMIFS('통합 납품 계획'!$M$8:$M$6900,'통합 납품 계획'!$Q$8:$Q$6900,'DATA 요약'!$B$26,'통합 납품 계획'!$D$8:$D$6900,'DATA 요약'!H25) -> 0 | I27: =SUMIFS('통합 납품 계획'!$M$8:$M$6900,'통합 납품 계획'!$Q$8:$Q$6900,'DATA 요약'!$B$26,'통합 납품 계획'!$D$8:$D$6900,'DATA 요약'!I25) -> 1.1810968e+09 | J27: =SUMIFS('통합 납품 계획'!$M$8:$M$6900,'통합 납품 계획'!$Q$8:$Q$6900,'DATA 요약'!$B$26,'통합 납품 계획'!$D$8:$D$6900,'DATA 요약'!J25) -> 7.5474113e+08 | K27: =SUMIFS('통합 납품 계획'!$M$8:$M$6900,'통합 납품 계획'!$Q$8:$Q$6900,'DATA 요약'!$B$26,'통합 납품 계획'!$D$8:$D$6900,'DATA 요약'!K25) -> 356018520 | L27: =SUMIFS('통합 납품 계획'!$M$8:$M$6900,'통합 납품 계획'!$Q$8:$Q$6900,'DATA 요약'!$B$26,'통합 납품 계획'!$D$8:$D$6900,'DATA 요약'!L25) -> 51799842 | M27: =SUMIFS('통합 납품 계획'!$M$8:$M$6900,'통합 납품 계획'!$Q$8:$Q$6900,'DATA 요약'!$B$26,'통합 납품 계획'!$D$8:$D$6900,'DATA 요약'!M25) -> 219616676 | ... Q27: =SUMIFS('통합 납품 계획'!$M$8:$M$6900,'통합 납품 계획'!$Q$8:$Q$6900,'DATA 요약'!$B$26,'통합 납품 계획'!$D$8:$D$6900,'DATA 요약'!Q25) -> 250285134 | R27: =SUM(F27:Q27) -> 4.1220913e+09
G28: DL-P4201 | N28: 레인샤워
G29: DL-G4541SC | N29: 샤워헤드
G30: DL-G4545SC | N30: 매립형샤워
G31: DL-K6219 | N31: 기타수전
G32: CC5000PWFT | N32: 스프레이건
G33: CC660NN | N33: 가로꼭지
G34: CL336W | N34: 싱크수전
G35: CL760 | N35: 일체형양변기
G36: DL-B3213 | N36: 세면수전
G37: DL-B7010 | N37: 투피스
G38: DL-K3015 | N38: 바트라
G39: DL-A9081 | N39: 슬라이드바
... G72: CL347 | N72: 온열시트
G73: CU511UJ
G74: DL-A9046
G75: TC-401HD
G76: DL-P4150
G77: DL-P4152
G78: DL-P4154
G79: DL-A9015
G80: DL-A9032
G81: CC201V
G82: CC8000FT
G83: CL861S
G84: DL-B7611
... G353: DST8001

Sheet 통합 납품 계획
A1: 리테일부문 납품 계획 | C1: (단위 : 백만원) | D1: '2026.04 | E1: '2026.05 | F1: '2026.06 | H1: (단위 : 백만원) | I1: 직납 | J1: 대리점 | K1: 합계
C2: 위생도기 | D2: =SUMIFS($M$8:$M$6900,$R$8:$R$6900,C2,$D$8:$D$6900,$D$1) -> 3.4647979e+09 | E2: =SUMIFS($M$8:$M$6900,$R$8:$R$6900,C2,$D$8:$D$6900,$E$1) -> 3.3051755e+09 | F2: =SUMIFS($M$8:$M$6900,$R$8:$R$6900,C2,$D$8:$D$6900,$F$1) -> 2809544847 | H2: 위생도기 | I2: 6083121027 | J2: =K2-I2 -> 12014269505 | K2: 18097390532
A3: ※2632 ~ 2656행 : 리테일부문 납품 추가분 | C3: OEM | D3: =SUMIFS($M$8:$M$6900,$R$8:$R$6900,C3,$D$8:$D$6900,$D$1) -> 489380985 | E3: =SUMIFS($M$8:$M$6900,$R$8:$R$6900,C3,$D$8:$D$6900,$E$1) -> 3.0723334e+08 | F3: =SUMIFS($M$8:$M$6900,$R$8:$R$6900,C3,$D$8:$D$6900,$F$1) -> 409453628 | H3: OEM | I3: 674700360 | J3: =K3-I3 -> 3640556577 | K3: 4315256937
A4: ※2657 ~ 2962행 : 프로젝트부문 3월 SPEC 추가분 | C4: 수전 | D4: =SUMIFS($M$8:$M$6900,$R$8:$R$6900,C4,$D$8:$D$6900,$D$1) -> 1.0881141e+09 | E4: =SUMIFS($M$8:$M$6900,$R$8:$R$6900,C4,$D$8:$D$6900,$E$1) -> 7.4727147e+08 | F4: =SUMIFS($M$8:$M$6900,$R$8:$R$6900,C4,$D$8:$D$6900,$F$1) -> 1.0502271e+09 | H4: 수전 | I4: 5023252826 | J4: =K4-I4 -> 3809779439 | K4: 8833032265
C5: 비데 | D5: =SUMIFS($M$8:$M$6900,$R$8:$R$6900,C5,$D$8:$D$6900,$D$1) -> 1.1679181e+09 | E5: =SUMIFS($M$8:$M$6900,$R$8:$R$6900,C5,$D$8:$D$6900,$E$1) -> 4.7140829e+08 | F5: =SUMIFS($M$8:$M$6900,$R$8:$R$6900,C5,$D$8:$D$6900,$F$1) -> 3183760133 | H5: 비데 | I5: 3981904747 | J5: =K5-I5 -> 3840761675 | K5: 7822666422
C6: 상품 | D6: =SUMIFS($M$8:$M$6900,$R$8:$R$6900,C6,$D$8:$D$6900,$D$1)+((D2+D3)*0.2) -> 9.5778855e+08 | E6: =SUMIFS($M$8:$M$6900,$R$8:$R$6900,C6,$D$8:$D$6900,$E$1)+((E2+E3)*0.2) -> 1.0310154e+09 | F6: =SUMIFS($M$8:$M$6900,$R$8:$R$6900,C6,$D$8:$D$6900,$F$1)+((F2+F3)*0.2) -> 6.8964161e+08 | H6: 상품 | I6: =1984839735+((I2+I3)*0.2) -> 3.336404e+09 | J6: =K6-I6 -> 3.8183053e+09 | K6: =2672179806+((K2+K3)*0.2) -> 7.1547093e+09
A7: 46119 | C7: 합계 | D7: =SUM(D2:D6) -> 7.1679996e+09 | E7: =SUM(E2:E6) -> 5.862104e+09 | F7: =SUM(F2:F6) -> 8.1426273e+09 | H7: 합계 | I7: =SUBTOTAL(9,I2:I6) -> 1.9099383e+10 | J7: =SUBTOTAL(9,J2:J6) -> 2.7123672e+10 | K7: =SUBTOTAL(9,K2:K6) -> 4.6223055e+10 | L7: =SUBTOTAL(9,L9:L4183) -> 14288.982 | M7: =SUBTOTAL(9,M9:M4183) -> 1.0511377e+11 | S7: (단위 : EA,원)
A8: 건설회사 | B8: 현장명 | C8: 대리점 | D8: 납품예정 | E8: 입주예정 | F8: 품목 | G8: 색상 | H8: 수량 | I8: 대리점가 | J8: 중량(KG) | K8: 총무게(KG) | L8: 총무게(TON) | M8: 금액 | N8: 특수사양 | O8: 비고 | P8: 담당자 | Q8: 품목 | R8: 구분 | S8: SPEC담당
A9: 코오롱건설 | B9: 대전 봉명 주상복합 | C9: 홈센타홀딩스 | D9: '2027.10 | F9: CC267 | H9: 1382 | I9: 191082 | J9: 34.6 | K9: =IFERROR(J9*H9,"0") -> 47817.2 | L9: =IFERROR(K9/1000,"0") -> 47.8172 | M9: =I9*H9 -> 264075324 | P9: 조동욱 | Q9: 원피스 | R9: 위생도기 | S9: 박기진
A10: 코오롱건설 | B10: 대전 봉명 주상복합 | C10: 홈센타홀딩스 | D10: '2027.10 | F10: CLL758D | H10: 691 | I10: 63889 | J10: 13.3 | K10: =IFERROR(J10*H10,"0") -> 9190.3 | L10: =IFERROR(K10/1000,"0") -> 9.1903 | M10: =I10*H10 -> 44147299 | P10: 조동욱 | Q10: 벽붙이세면기 | R10: 위생도기 | S10: 박기진
A11: 코오롱건설 | B11: 대전 봉명 주상복합 | C11: 홈센타홀딩스 | D11: '2027.10 | F11: CLL336S | H11: 691 | I11: 62283 | J11: 11.8 | K11: =IFERROR(J11*H11,"0") -> 8153.8 | L11: =IFERROR(K11/1000,"0") -> 8.1538 | M11: =I11*H11 -> 43037553 | P11: 조동욱 | Q11: 벽붙이세면기 | R11: 위생도기 | S11: 박기진
A12: 코오롱건설 | B12: 권선6구역 래미안 매교역 팰루시드(1차 납품) | C12: 홈센타홀딩스 | D12: '2026.06 | F12: TSC416D | H12: 200 | I12: 11500 | J12: 0 | K12: =IFERROR(J12*H12,"0") -> 0 | L12: =IFERROR(K12/1000,"0") -> 0 | M12: =I12*H12 -> 2300000 | P12: 조동욱 | Q12: 시트 | R12: 상품 | S12: 박기진
A13: 코오롱건설 | B13: 권선6구역 래미안 매교역 팰루시드(1차 납품) | C13: 홈센타홀딩스 | D13: '2026.04 | F13: CLR358 | H13: 389 | I13: 90400 | J13: 21 | K13: =IFERROR(J13*H13,"0") -> 8169 | L13: =IFERROR(K13/1000,"0") -> 8.169 | M13: =I13*H13 -> 35165600 | P13: 조동욱 | Q13: 일체형세면기 | R13: 위생도기 | S13: 박기진
A14: 코오롱건설 | B14: 권선6구역 래미안 매교역 팰루시드(막차 납품) | C14: 홈센타홀딩스 | D14: '2026.04 | F14: CC660NLT | H14: 384 | I14: 158000 | J14: 27 | K14: =IFERROR(J14*H14,"0") -> 10368 | L14: =IFERROR(K14/1000,"0") -> 10.368 | M14: =I14*H14 -> 60672000 | P14: 조동욱 | Q14: 일체형양변기 | R14: 위생도기 | S14: 박기진
A15: 코오롱건설 | B15: 권선6구역 래미안 매교역 팰루시드(막차 납품) | C15: 홈센타홀딩스 | D15: '2026.06 | F15: TSC416D | H15: 235 | I15: 11500 | J15: 0 | K15: =IFERROR(J15*H15,"0") -> 0 | L15: =IFERROR(K15/1000,"0") -> 0 | M15: =I15*H15 -> 2702500 | P15: 조동욱 | Q15: 시트 | R15: 상품 | S15: 박기진
A16: 코오롱건설 | B16: 권선6구역 래미안 매교역 팰루시드(막차 납품) | C16: 홈센타홀딩스 | D16: '2026.04 | F16: CC750 | H16: 187 | I16: 140980 | J16: 20 | K16: =IFERROR(J16*H16,"0") -> 3740 | L16: =IFERROR(K16/1000,"0") -> 3.74 | M16: =I16*H16 -> 26363260 | P16: 조동욱 | Q16: 투피스 | R16: 위생도기 | S16: 박기진
A17: 코오롱건설 | B17: 권선6구역 래미안 매교역 팰루시드(막차 납품) | C17: 홈센타홀딩스 | D17: '2026.04 | F17: CLR358 | H17: 598 | I17: 90400 | J17: 21 | K17: =IFERROR(J17*H17,"0") -> 12558 | L17: =IFERROR(K17/1000,"0") -> 12.558 | M17: =I17*H17 -> 54059200 | P17: 조동욱 | Q17: 일체형세면기 | R17: 위생도기 | S17: 박기진
A18: 삼성물산 | B18: 권선6구역 래미안 매교역 팰루시드(1차 납품) | C18: 케이씨씨글라스 | D18: '2026.04 | F18: TSC416D | H18: 200 | I18: 11649 | J18: 0 | K18: =IFERROR(J18*H18,"0") -> 0 | L18: =IFERROR(K18/1000,"0") -> 0 | M18: =I18*H18 -> 2329800 | P18: 금지현 | Q18: 시트 | R18: 상품 | S18: 조재민
A19: 삼성물산 | B19: 권선6구역 래미안 매교역 팰루시드(막차 납품) | C19: 케이씨씨글라스 | D19: '2026.04 | F19: CC660NLT | H19: 426 | I19: 157944 | J19: 27 | K19: =IFERROR(J19*H19,"0") -> 11502 | L19: =IFERROR(K19/1000,"0") -> 11.502 | M19: =I19*H19 -> 67284144 | P19: 금지현 | Q19: 일체형양변기 | R19: 위생도기 | S19: 조재민
A20: 삼성물산 | B20: 권선6구역 래미안 매교역 팰루시드(막차 납품) | C20: 케이씨씨글라스 | D20: '2026.04 | F20: TSC416D | H20: 344 | I20: 11649 | J20: 0 | K20: =IFERROR(J20*H20,"0") -> 0 | L20: =IFERROR(K20/1000,"0") -> 0 | M20: =I20*H20 -> 4007256 | P20: 금지현 | Q20: 시트 | R20: 상품 | S20: 조재민
... A29: 신원종합개발 | B29: 안양동 오피스텔 신축공사 현장_비주거 | C29: 다원리미티드 | D29: '2026.04 | F29: DL-B6310 | H29: 54 | I29: 81739 | J29: 0 | K29: =IFERROR(J29*H29,"0") -> 0 | L29: =IFERROR(K29/1000,"0") -> 0 | M29: =I29*H29 -> 4413906 | P29: 금지현 | Q29: 레인샤워 | R29: 수전 | S29: 윤영재
A30: 다원앤컴퍼니 | B30: 강원도 정선 하이원리조트 그랜드호텔, 마운틴콘도 리모델링 | C30: 시내울산업 | D30: '2027.01 | F30: CC830 | H30: 443 | I30: 242005 | J30: 34.2 | K30: =IFERROR(J30*H30,"0") -> 15150.6 | L30: =IFERROR(K30/1000,"0") -> 15.1506 | M30: =I30*H30 -> 107208215 | O30: 설치비 제외 | P30: 금지현 | Q30: 일체형양변기 | R30: 위생도기 | S30: 변상익
A31: 다원앤컴퍼니 | B31: 강원도 정선 하이원리조트 그랜드호텔, 마운틴콘도 리모델링 | C31: 시내울산업 | D31: '2027.01 | F31: DL-P4010 | H31: 1085 | I31: 2281 | J31: 0 | K31: =IFERROR(J31*H31,"0") -> 0 | L31: =IFERROR(K31/1000,"0") -> 0 | M31: =I31*H31 -> 2474885 | O31: 설치비 제외 | P31: 금지현 | Q31: 기타수전 | R31: 수전 | S31: 변상익
A32: 다원앤컴퍼니 | B32: 강원도 정선 하이원리조트 그랜드호텔, 마운틴콘도 리모델링 | C32: 시내울산업 | D32: '2027.01 | F32: CC550 | H32: 48 | I32: 196675 | J32: 26.2 | K32: =IFERROR(J32*H32,"0") -> 1257.6 | L32: =IFERROR(K32/1000,"0") -> 1.2576 | M32: =I32*H32 -> 9440400 | O32: 설치비 제외 | P32: 금지현 | Q32: 일체형양변기 | R32: 위생도기 | S32: 변상익
A33: 다원앤컴퍼니 | B33: 강원도 정선 하이원리조트 그랜드호텔, 마운틴콘도 리모델링 | C33: 시내울산업 | D33: '2027.01 | F33: CC670EKT | H33: 32 | I33: 173412 | J33: 29.3 | K33: =IFERROR(J33*H33,"0") -> 937.6 | L33: =IFERROR(K33/1000,"0") -> 0.9376 | M33: =I33*H33 -> 5549184 | O33: 설치비 제외 | P33: 금지현 | Q33: 일체형양변기 | R33: 위생도기 | S33: 변상익
A34: 다원앤컴퍼니 | B34: 강원도 정선 하이원리조트 그랜드호텔, 마운틴콘도 리모델링 | C34: 시내울산업 | D34: '2027.01 | F34: CC260 | H34: 562 | I34: 224490 | J34: 42.3 | K34: =IFERROR(J34*H34,"0") -> 23772.6 | L34: =IFERROR(K34/1000,"0") -> 23.7726 | M34: =I34*H34 -> 126163380 | P34: 금지현 | Q34: 원피스 | R34: 위생도기 | S34: 변상익
A35: 다원앤컴퍼니 | B35: 강원도 정선 하이원리조트 그랜드호텔, 마운틴콘도 리모델링 | C35: 시내울산업 | D35: '2027.01 | F35: DL-P4010 | H35: 562 | I35: 3233 | J35: 0 | K35: =IFERROR(J35*H35,"0") -> 0 | L35: =IFERROR(K35/1000,"0") -> 0 | M35: =I35*H35 -> 1816946 | P35: 금지현 | Q35: 기타수전 | R35: 수전 | S35: 변상익
A36: 다원앤컴퍼니 | B36: 강원도 정선 하이원리조트 그랜드호텔, 마운틴콘도 리모델링 | C36: 시내울산업 | D36: '2027.01 | F36: CL310 | H36: 446 | I36: 55940 | J36: 16 | K36: =IFERROR(J36*H36,"0") -> 7136 | L36: =IFERROR(K36/1000,"0") -> 7.136 | M36: =I36*H36 -> 24949240 | O36: 타월바 15,000원 별도 | P36: 금지현 | Q36: 평면붙임세면기 | R36: OEM | S36: 변상익
A37: 다원앤컴퍼니 | B37: 강원도 정선 하이원리조트 그랜드호텔, 마운틴콘도 리모델링 | C37: 시내울산업 | D37: '2027.01 | F37: CL340N | H37: 60 | I37: 86400 | J37: 19 | K37: =IFERROR(J37*H37,"0") -> 1140 | L37: =IFERROR(K37/1000,"0") -> 1.14 | M37: =I37*H37 -> 5184000 | O37: CL-340N 적용(비누대 없는 사양) | P37: 금지현 | Q37: 세미탑볼 | R37: 위생도기 | S37: 변상익
A38: 다원앤컴퍼니 | B38: 강원도 정선 하이원리조트 그랜드호텔, 마운틴콘도 리모델링 | C38: 시내울산업 | D38: '2027.01 | F38: CL610F | H38: 75 | I38: 87379 | J38: 10.5 | K38: =IFERROR(J38*H38,"0") -> 787.5 | L38: =IFERROR(K38/1000,"0") -> 0.7875 | M38: =I38*H38 -> 6553425 | P38: 금지현 | Q38: 언더카운터 | R38: 위생도기 | S38: 변상익
A39: 다원앤컴퍼니 | B39: 강원도 정선 하이원리조트 그랜드호텔, 마운틴콘도 리모델링 | C39: 시내울산업 | D39: '2027.01 | F39: CC116 | H39: 7 | I39: 121858 | J39: 40 | K39: =IFERROR(J39*H39,"0") -> 280 | L39: =IFERROR(K39/1000,"0") -> 0.28 | M39: =I39*H39 -> 853006 | P39: 금지현 | Q39: F/V양변기 | R39: OEM | S39: 변상익
A40: 다원앤컴퍼니 | B40: 강원도 정선 하이원리조트 그랜드호텔, 마운틴콘도 리모델링 | C40: 시내울산업 | D40: '2027.01 | F40: CU600P | H40: 15 | I40: 231954 | J40: 39 | K40: =IFERROR(J40*H40,"0") -> 585 | L40: =IFERROR(K40/1000,"0") -> 0.585 | M40: =I40*H40 -> 3479310 | P40: 금지현 | Q40: 소변기 | R40: 위생도기 | S40: 변상익
A41: 다원앤컴퍼니 | B41: 강원도 정선 하이원리조트 그랜드호텔, 마운틴콘도 리모델링 | C41: 시내울산업 | D41: '2027.01 | F41: DL-L8010 | H41: 7 | I41: 105294 | J41: 0 | K41: =IFERROR(J41*H41,"0") -> 0 | L41: =IFERROR(K41/1000,"0") -> 0 | M41: =I41*H41 -> 737058 | P41: 금지현 | Q41: 세면수전 | R41: 수전 | S41: 변상익
A42: 다원앤컴퍼니 | B42: 강원도 정선 하이원리조트 그랜드호텔, 마운틴콘도 리모델링 | C42: 시내울산업 | D42: '2027.01 | F42: DL-P4050 | H42: 32 | I42: 99000 | J42: 0 | K42: =IFERROR(J42*H42,"0") -> 0 | L42: =IFERROR(K42/1000,"0") -> 0 | M42: =I42*H42 -> 3168000 | P42: 금지현 | Q42: 기타수전 | R42: 수전 | S42: 변상익
A43: 다원앤컴퍼니 | B43: 강원도 정선 하이원리조트 그랜드호텔, 마운틴콘도 리모델링 | C43: 시내울산업 | D43: '2027.01 | F43: DL-P4052 | H43: 32 | I43: 77400 | J43: 0 | K43: =IFERROR(J43*H43,"0") -> 0 | L43: =IFERROR(K43/1000,"0") -> 0 | M43: =I43*H43 -> 2476800 | P43: 금지현 | Q43: 기타수전 | R43: 수전 | S43: 변상익
A44: 서한건설 | B44: 평택 고덕국제신도시 서한 이다음 그레이튼 | C44: 미정 | D44: '2027.12 | F44: DL-K6219 | H44: 1138 | I44: 87300 | J44: 0 | K44: =IFERROR(J44*H44,"0") -> 0 | L44: =IFERROR(K44/1000,"0") -> 0 | M44: =I44*H44 -> 99347400 | P44: 금지현 | Q44: 싱크수전 | R44: 수전 | S44: 박기진
A45: 서한건설 | B45: 평택 고덕국제신도시 서한 이다음 그레이튼 | C45: 미정 | D45: '2027.12 | F45: DL-G4241C | H45: 1138 | I45: 11218 | J45: 0 | K45: =IFERROR(J45*H45,"0") -> 0 | L45: =IFERROR(K45/1000,"0") -> 0 | M45: =I45*H45 -> 12766084 | P45: 금지현 | Q45: 기타수전 | R45: 수전 | S45: 박기진
A46: 서한건설 | B46: 평택 고덕국제신도시 서한 이다음 그레이튼 | C46: 미정 | D46: '2027.12 | F46: DL-P4201 | H46: 1138 | I46: 641 | J46: 0 | K46: =IFERROR(J46*H46,"0") -> 0 | L46: =IFERROR(K46/1000,"0") -> 0 | M46: =I46*H46 -> 729458 | P46: 금지현 | Q46: 기타수전 | R46: 수전 | S46: 박기진
A47: 서한건설 | B47: 평택 고덕국제신도시 서한 이다음 그레이튼 | C47: 미정 | D47: '2027.12 | F47: DL-P4202 | H47: 1138 | I47: 4487 | J47: 0 | K47: =IFERROR(J47*H47,"0") -> 0 | L47: =IFERROR(K47/1000,"0") -> 0 | M47: =I47*H47 -> 5106206 | P47: 금지현 | Q47: 기타수전 | R47: 수전 | S47: 박기진
A48: 서한건설 | B48: 평택 고덕국제신도시 서한 이다음 그레이튼 | C48: 미정 | D48: '2027.12 | F48: DL-S4195 | H48: 1138 | I48: 6154 | J48: 0 | K48: =IFERROR(J48*H48,"0") -> 0 | L48: =IFERROR(K48/1000,"0") -> 0 | M48: =I48*H48 -> 7003252 | P48: 금지현 | Q48: 기타수전 | R48: 수전 | S48: 박기진
A49: 서한건설 | B49: 평택 고덕국제신도시 서한 이다음 그레이튼 | C49: 미정 | D49: '2027.12 | F49: DL-G4243C | H49: 2276 | I49: 7200 | J49: 0 | K49: =IFERROR(J49*H49,"0") -> 0 | L49: =IFERROR(K49/1000,"0") -> 0 | M49: =I49*H49 -> 16387200 | P49: 금지현 | Q49: 기타수전 | R49: 수전 | S49: 박기진
A50: 서한건설 | B50: 평택 고덕국제신도시 서한 이다음 그레이튼 | C50: 미정 | D50: '2027.12 | F50: DL-A2102 | H50: 1138 | I50: 15300 | J50: 0 | K50: =IFERROR(J50*H50,"0") -> 0 | L50: =IFERROR(K50/1000,"0") -> 0 | M50: =I50*H50 -> 17411400 | P50: 금지현 | Q50: 액세서리 | R50: 수전 | S50: 박기진
A51: (주)태영건설 | B51: 태영건설(GH:경기주택도시공사)화성 동탄2 A78 자연앤데시앙 현장(공공분양, APT)_기 | C51: 진영도기 | D51: '2027.12 | F51: DL-P4265 | H51: 1170 | I51: 1195 | J51: 0 | K51: =IFERROR(J51*H51,"0") -> 0 | L51: =IFERROR(K51/1000,"0") -> 0 | M51: =I51*H51 -> 1398150 | O51: 연간단가/급수관,메탈호스(1.5m),호스거치형행거(DL-P4265),미니건(DL-S4193),바디(DL-P4014CR1)포함 | P51: 금지현 | Q51: 기타수전 | R51: 수전 | S51: 박기진
A52: (주)태영건설 | B52: 태영건설(GH:경기주택도시공사)화성 동탄2 A78 자연앤데시앙 현장(공공분양, APT)_기 | C52: 진영도기 | D52: '2028.04 | F52: DL-P4202 | H52: 1170 | I52: 4647 | J52: 0 | K52: =IFERROR(J52*H52,"0") -> 0 | L52: =IFERROR(K52/1000,"0") -> 0 | M52: =I52*H52 -> 5436990 | O52: 연간단가/급수관,메탈호스(1.5m),호스거치형행거(DL-P4265),미니건(DL-S4193),바디(DL-P4014CR1)포함 | P52: 금지현 | Q52: 기타수전 | R52: 수전 | S52: 박기진
A53: (주)태영건설 | B53: 태영건설(GH:경기주택도시공사)화성 동탄2 A78 자연앤데시앙 현장(공공분양, APT)_기 | C53: 진영도기 | D53: '2027.12 | F53: DL-P4015 | H53: 1170 | I53: 1195 | J53: 0 | K53: =IFERROR(J53*H53,"0") -> 0 | L53: =IFERROR(K53/1000,"0") -> 0 | M53: =I53*H53 -> 1398150 | O53: 연간단가/급수관,메탈호스(1.5m),호스거치형행거(DL-P4265),미니건(DL-S4193),바디(DL-P4014CR1)포함 | P53: 금지현 | Q53: 기타수전 | R53: 수전 | S53: 박기진
A54: (주)태영건설 | B54: 태영건설(GH:경기주택도시공사)화성 동탄2 A78 자연앤데시앙 현장(공공분양, APT)_기 | C54: 진영도기 | D54: '2027.12 | F54: DL-L3210 | H54: 2340 | I54: 31624 | J54: 0 | K54: =IFERROR(J54*H54,"0") -> 0 | L54: =IFERROR(K54/1000,"0") -> 0 | M54: =I54*H54 -> 74000160 | O54: 연간단가/수동폽업,P트랩,앵글밸브2EA포함 | P54: 금지현 | Q54: 세면수전 | R54: 수전 | S54: 박기진
A55: (주)태영건설 | B55: 태영건설(GH:경기주택도시공사)화성 동탄2 A78 자연앤데시앙 현장(공공분양, APT)_기 | C55: 진영도기 | D55: '2027.12 | F55: DL-P4010 | H55: 2340 | I55: 2972 | J55: 0 | K55: =IFERROR(J55*H55,"0") -> 0 | L55: =IFERROR(K55/1000,"0") -> 0 | M55: =I55*H55 -> 6954480 | O55: 연간단가/수동폽업,P트랩,앵글밸브2EA포함 | P55: 금지현 | Q55: 기타수전 | R55: 수전 | S55: 박기진
A56: (주)태영건설 | B56: 태영건설(GH:경기주택도시공사)화성 동탄2 A78 자연앤데시앙 현장(공공분양, APT)_기 | C56: 진영도기 | D56: '2027.12 | F56: DL-P4010 | H56: 2340 | I56: 2972 | J56: 0 | K56: =IFERROR(J56*H56,"0") -> 0 | L56: =IFERROR(K56/1000,"0") -> 0 | M56: =I56*H56 -> 6954480 | O56: 연간단가/수동폽업,P트랩,앵글밸브2EA포함 | P56: 금지현 | Q56: 기타수전 | R56: 수전 | S56: 박기진
A57: (주)태영건설 | B57: 태영건설(GH:경기주택도시공사)화성 동탄2 A78 자연앤데시앙 현장(공공분양, APT)_기 | C57: 진영도기 | D57: '2027.12 | F57: DL-P4020 | H57: 2340 | I57: 8917 | J57: 0 | K57: =IFERROR(J57*H57,"0") -> 0 | L57: =IFERROR(K57/1000,"0") -> 0 | M57: =I57*H57 -> 20865780 | O57: 연간단가/수동폽업,P트랩,앵글밸브2EA포함 | P57: 금지현 | Q57: 기타수전 | R57: 수전 | S57: 박기진
A58: (주)태영건설 | B58: 태영건설(GH:경기주택도시공사)화성 동탄2 A78 자연앤데시앙 현장(공공분양, APT)_기 | C58: 진영도기 | D58: '2027.12 | F58: DL-P4031 | H58: 2340 | I58: 7018 | J58: 0 | K58: =IFERROR(J58*H58,"0") -> 0 | L58: =IFERROR(K58/1000,"0") -> 0 | M58: =I58*H58 -> 16422120 | O58: 연간단가/수동폽업,P트랩,앵글밸브2EA포함 | P58: 금지현 | Q58: 기타수전 | R58: 수전 | S58: 박기진
A59: (주)태영건설 | B59: 태영건설(GH:경기주택도시공사)화성 동탄2 A78 자연앤데시앙 현장(공공분양, APT)_기 | C59: 진영도기 | D59: '2027.12 | F59: DL-G4241 | H59: 1170 | I59: 10394 | J59: 0 | K59: =IFERROR(J59*H59,"0") -> 0 | L59: =IFERROR(K59/1000,"0") -> 0 | M59: =I59*H59 -> 12160980 | O59: 연간단가/냉수(DL-G4241),행거(크롬),커플러,메탈호스(1.5m),스프레이건(DL-S4195)포함 | P59: 금지현 | Q59: 기타수전 | R59: 수전 | S59: 박기진
A60: (주)태영건설 | B60: 태영건설(GH:경기주택도시공사)화성 동탄2 A78 자연앤데시앙 현장(공공분양, APT)_기 | C60: 진영도기 | D60: '2027.12 | F60: DL-P4201 | H60: 1170 | I60: 594 | J60: 0 | K60: =IFERROR(J60*H60,"0") -> 0 | L60: =IFERROR(K60/1000,"0") -> 0 | M60: =I60*H60 -> 694980 | O60: 연간단가/냉수(DL-G4241),행거(크롬),커플러,메탈호스(1.5m),스프레이건(DL-S4195)포함 | P60: 금지현 | Q60: 기타수전 | R60: 수전 | S60: 박기진
A61: (주)태영건설 | B61: 태영건설(GH:경기주택도시공사)화성 동탄2 A78 자연앤데시앙 현장(공공분양, APT)_기 | C61: 진영도기 | D61: '2028.04 | F61: DL-P4202 | H61: 1170 | I61: 4158 | J61: 0 | K61: =IFERROR(J61*H61,"0") -> 0 | L61: =IFERROR(K61/1000,"0") -> 0 | M61: =I61*H61 -> 4864860 | O61: 연간단가/냉수(DL-G4241),행거(크롬),커플러,메탈호스(1.5m),스프레이건(DL-S4195)포함 | P61: 금지현 | Q61: 기타수전 | R61: 수전 | S61: 박기진
A62: (주)태영건설 | B62: 태영건설(GH:경기주택도시공사)화성 동탄2 A78 자연앤데시앙 현장(공공분양, APT)_기 | C62: 진영도기 | D62: '2027.12 | F62: DL-P4234 | H62: 1170 | I62: 713 | J62: 0 | K62: =IFERROR(J62*H62,"0") -> 0 | L62: =IFERROR(K62/1000,"0") -> 0 | M62: =I62*H62 -> 834210 | O62: 연간단가/냉수(DL-G4241),행거(크롬),커플러,메탈호스(1.5m),스프레이건(DL-S4195)포함 | P62: 금지현 | Q62: 기타수전 | R62: 수전 | S62: 박기진
... A88: (주)태영건설 | B88: 태영건설(GH:경기주택도시공사)화성 동탄2 A78 자연앤데시앙 현장(공공분양, APT)_기 | C88: 진영도기 | D88: '2028.04 | F88: DL-S4193 | H88: 1170 | I88: 3452 | J88: 0 | K88: =IFERROR(J88*H88,"0") -> 0 | L88: =IFERROR(K88/1000,"0") -> 0 | M88: =I88*H88 -> 4038840 | O88: 연간단가/급수관,메탈호스(1.5m),호스거치형행거(DL-P4265),미니건(DL-S4193),바디(DL-P4014CR1)포함 | P88: 금지현 | Q88: 기타수전 | R88: 수전 | S88: 박기진
A89: 현대엔지니어링 | B89: 힐스테이트 더샵 상생공원 2BL | C89: 직납 | D89: '2027.03 | F89: CL603 | H89: 398 | I89: 80000 | J89: 7.2 | K89: =IFERROR(J89*H89,"0") -> 2865.6 | L89: =IFERROR(K89/1000,"0") -> 2.8656 | M89: =I89*H89 -> 31840000 | P89: 김광제 | Q89: 언더카운터 | R89: 위생도기 | S89: 박성진
A90: 현대엔지니어링 | B90: 힐스테이트 더샵 상생공원 2BL | C90: 직납 | D90: '2027.03 | F90: CC740 | H90: 2962 | I90: 176000 | J90: 36.4 | K90: =IFERROR(J90*H90,"0") -> 107816.8 | L90: =IFERROR(K90/1000,"0") -> 107.8168 | M90: =I90*H90 -> 521312000 | P90: 김광제 | Q90: 치마형투피스 | R90: 위생도기 | S90: 박성진
A91: 현대엔지니어링 | B91: 힐스테이트 더샵 상생공원 2BL | C91: 직납 | D91: '2027.03 | F91: CC670EKT | H91: 386 | I91: 191920 | J91: 29.3 | K91: =IFERROR(J91*H91,"0") -> 11309.8 | L91: =IFERROR(K91/1000,"0") -> 11.3098 | M91: =I91*H91 -> 74081120 | P91: 김광제 | Q91: 일체형양변기 | R91: 위생도기 | S91: 박성진
A92: 현대엔지니어링 | B92: 힐스테이트 더샵 상생공원 2BL | C92: 직납 | D92: '2027.03 | F92: CLR366 | H92: 1656 | I92: 97561 | J92: 18.7 | K92: =IFERROR(J92*H92,"0") -> 30967.2 | L92: =IFERROR(K92/1000,"0") -> 30.9672 | M92: =I92*H92 -> 161561016 | P92: 김광제 | Q92: 일체형세면기 | R92: 위생도기 | S92: 박성진
A93: 현대엔지니어링 | B93: 힐스테이트 더샵 상생공원 2BL | C93: 직납 | D93: '2027.03 | F93: CLR358 | H93: 1294 | I93: 107317 | J93: 21 | K93: =IFERROR(J93*H93,"0") -> 27174 | L93: =IFERROR(K93/1000,"0") -> 27.174 | M93: =I93*H93 -> 138868198 | P93: 김광제 | Q93: 일체형세면기 | R93: 위생도기 | S93: 박성진
A94: 현대건설 | B94: 힐스테이트 이천역 | C94: 직납 | D94: '2026.05 | F94: TSC417D | H94: 3290 | I94: 12000 | J94: 0 | K94: =IFERROR(J94*H94,"0") -> 0 | L94: =IFERROR(K94/1000,"0") -> 0 | M94: =I94*H94 -> 39480000 | P94: 김광제 | Q94: 시트 | R94: 상품 | S94: 박성진
A95: 현대건설 | B95: 힐스테이트 이천역(막차 납품) | C95: 직납 | D95: '2026.04 | F95: CC740 | H95: 726 | I95: 176321 | J95: 36.4 | K95: =IFERROR(J95*H95,"0") -> 26426.4 | L95: =IFERROR(K95/1000,"0") -> 26.4264 | M95: =I95*H95 -> 128009046 | P95: 김광제 | Q95: 치마형투피스 | R95: 위생도기 | S95: 박성진
A96: 현대건설 | B96: 힐스테이트 마포더퍼스트 | C96: 직납 | D96: '2026.04 | F96: CC740 | H96: 442 | I96: 176321 | J96: 36.4 | K96: =IFERROR(J96*H96,"0") -> 16088.8 | L96: =IFERROR(K96/1000,"0") -> 16.0888 | M96: =I96*H96 -> 77933882 | P96: 김광제 | Q96: 치마형투피스 | R96: 위생도기 | S96: 박성진
A97: 현대건설 | B97: 힐스테이트 마포더퍼스트 | C97: 직납 | D97: '2026.04 | F97: CL350D | H97: 442 | I97: 76279 | J97: 20 | K97: =IFERROR(J97*H97,"0") -> 8840 | L97: =IFERROR(K97/1000,"0") -> 8.84 | M97: =I97*H97 -> 33715318 | P97: 김광제 | Q97: 일체형세면기 | R97: 위생도기 | S97: 박성진
A98: 현대엔지니어링 | B98: 힐스테이트 문수로 센트럴 | C98: 직납 | D98: '2027.12 | F98: CC768N | H98: 960 | I98: 145300 | J98: 31.9 | K98: =IFERROR(J98*H98,"0") -> 30624 | L98: =IFERROR(K98/1000,"0") -> 30.624 | M98: =I98*H98 -> 139488000 | P98: 김광제 | Q98: 투피스 | R98: 위생도기 | S98: 반동식
A99: 현대엔지니어링 | B99: 힐스테이트 문수로 센트럴 | C99: 직납 | D99: '2027.12 | F99: CLL758D | H99: 480 | I99: 59630 | J99: 13.3 | K99: =IFERROR(J99*H99,"0") -> 6384 | L99: =IFERROR(K99/1000,"0") -> 6.384 | M99: =I99*H99 -> 28622400 | P99: 김광제 | Q99: 벽붙이세면기 | R99: 위생도기 | S99: 반동식
A100: 현대엔지니어링 | B100: 힐스테이트 문수로 센트럴 | C100: 직납 | D100: '2027.12 | F100: CLL336D | H100: 480 | I100: 60411 | J100: 15.5 | K100: =IFERROR(J100*H100,"0") -> 7440 | L100: =IFERROR(K100/1000,"0") -> 7.44 | M100: =I100*H100 -> 28997280 | P100: 김광제 | Q100: 벽붙이세면기 | R100: 위생도기 | S100: 반동식
... A126: 현대건설 | B126: 힐스테이트 가장 더 퍼스트 | C126: 직납 | D126: '2026.12 | F126: CC740 | H126: 2411 | I126: 176321 | J126: 36.4 | K126: =IFERROR(J126*H126,"0") -> 87760.4 | L126: =IFERROR(K126/1000,"0") -> 87.7604 | M126: =I126*H126 -> 425109931 | P126: 김광제 | Q126: 치마형투피스 | R126: 위생도기 | S126: 박성진
A127: 현대건설 | B127: 메디알레 은평대조1구역(1차 납품) | C127: 직납 | D127: '2026.05 | F127: CC740 | H127: 600 | I127: 176321 | J127: 36.4 | K127: =IFERROR(J127*H127,"0") -> 21840 | L127: =IFERROR(K127/1000,"0") -> 21.84 | M127: =I127*H127 -> 105792600 | O127: 시트제외 | P127: 김광제 | Q127: 치마형투피스 | R127: 위생도기 | S127: 박성진
A128: 현대건설 | B128: 메디알레 은평대조1구역(막차 납품) | C128: 직납 | D128: '2026.06 | F128: CC740 | H128: 599 | I128: 176321 | J128: 36.4 | K128: =IFERROR(J128*H128,"0") -> 21803.6 | L128: =IFERROR(K128/1000,"0") -> 21.8036 | M128: =I128*H128 -> 105616279 | O128: 시트제외 | P128: 김광제 | Q128: 치마형투피스 | R128: 위생도기 | S128: 박성진
A129: 현대건설 | B129: 메디알레 은평대조1구역 | C129: 직납 | D129: '2026.04 | F129: DL-P4010 | H129: 869 | I129: 3255 | J129: 0 | K129: =IFERROR(J129*H129,"0") -> 0 | L129: =IFERROR(K129/1000,"0") -> 0 | M129: =I129*H129 -> 2828595 | O129: 시트제외 | P129: 김광제 | Q129: 기타수전 | R129: 수전 | S129: 박성진
A130: 현대건설 | B130: 메디알레 은평대조1구역 | C130: 직납 | D130: '2026.05 | F130: CL336D | H130: 869 | I130: 60411 | J130: 15.5 | K130: =IFERROR(J130*H130,"0") -> 13469.5 | L130: =IFERROR(K130/1000,"0") -> 13.4695 | M130: =I130*H130 -> 52497159 | P130: 김광제 | Q130: 벽붙이세면기 | R130: 위생도기 | S130: 박성진
A131: 현대건설 | B131: 메디알레 은평대조1구역 | C131: 직납 | D131: '2026.05 | F131: CL336P | H131: 869 | I131: 13396 | J131: 0 | K131: =IFERROR(J131*H131,"0") -> 0 | L131: =IFERROR(K131/1000,"0") -> 0 | M131: =I131*H131 -> 11641124 | O131: ABS반다리, 좌측별도폽업 | P131: 김광제 | Q131: 페데스탈 | R131: 상품 | S131: 박성진
A132: 현대건설 | B132: 힐스테이트 등촌역 | C132: 직납 | D132: '2026.06 | F132: CC740 | H132: 1086 | I132: 176321 | J132: 36.4 | K132: =IFERROR(J132*H132,"0") -> 39530.4 | L132: =IFERROR(K132/1000,"0") -> 39.5304 | M132: =I132*H132 -> 191484606 | O132: 시트제외 | P132: 김광제 | Q132: 치마형투피스 | R132: 위생도기 | S132: 박성진
A133: 현대건설 | B133: 힐스테이트 등촌역 | C133: 직납 | D133: '2026.05 | F133: DL-P4010 | H133: 1086 | I133: 3255 | J133: 0 | K133: =IFERROR(J133*H133,"0") -> 0 | L133: =IFERROR(K133/1000,"0") -> 0 | M133: =I133*H133 -> 3534930 | O133: 시트제외 | P133: 김광제 | Q133: 기타수전 | R133: 수전 | S133: 박성진
A134: 현대건설 | B134: 힐스테이트 등촌역 | C134: 직납 | D134: '2026.05 | F134: CL336W | H134: 622 | I134: 64932 | J134: 15.5 | K134: =IFERROR(J134*H134,"0") -> 9641 | L134: =IFERROR(K134/1000,"0") -> 9.641 | M134: =I134*H134 -> 40387704 | P134: 김광제 | Q134: 벽붙이세면기 | R134: 위생도기 | S134: 박성진
A135: 현대건설 | B135: 힐스테이트 등촌역 | C135: 직납 | D135: '2026.05 | F135: CL336P | H135: 622 | I135: 14398 | J135: 0 | K135: =IFERROR(J135*H135,"0") -> 0 | L135: =IFERROR(K135/1000,"0") -> 0 | M135: =I135*H135 -> 8955556 | P135: 김광제 | Q135: 페데스탈 | R135: 상품 | S135: 박성진
A136: 현대건설 | B136: 힐스테이트 등촌역 | C136: 직납 | D136: '2026.05 | F136: CL463 | H136: 466 | I136: 70000 | J136: 14.7 | K136: =IFERROR(J136*H136,"0") -> 6850.2 | L136: =IFERROR(K136/1000,"0") -> 6.8502 | M136: =I136*H136 -> 32620000 | P136: 김광제 | Q136: 탑볼 | R136: 위생도기 | S136: 박성진
A137: 효성중공업(주) | B137: 효성중공업(주) 해링턴스퀘어 산곡 (재개발, APT) | C137: 직납 | D137: '2027.07 | F137: CL359D | H137: 2496 | I137: 60498 | J137: 24 | K137: =IFERROR(J137*H137,"0") -> 59904 | L137: =IFERROR(K137/1000,"0") -> 59.904 | M137: =I137*H137 -> 151003008 | O137: 앙카, 비누대포함 | P137: 박준혁 | Q137: 일체형세면기 | R137: OEM | S137: 박성진
A138: 대원건설 | B138: 용인전대 - 용인 에버랜드역 칸타빌 | C138: 한일상사 | D138: '2026.06 | F138: CC776 | H138: 348 | I138: 80000 | J138: 37 | K138: =IFERROR(J138*H138,"0") -> 12876 | L138: =IFERROR(K138/1000,"0") -> 12.876 | M138: =I138*H138 -> 27840000 | P138: 김세동 | Q138: 투피스 | R138: OEM
A139: 대원건설 | B139: 용인전대 - 용인 에버랜드역 칸타빌 | C139: 한일상사 | D139: '2026.06 | F139: CC670EKT | H139: 348 | I139: 150000 | J139: 29.3 | K139: =IFERROR(J139*H139,"0") -> 10196.4 | L139: =IFERROR(K139/1000,"0") -> 10.1964 | M139: =I139*H139 -> 52200000 | P139: 김세동 | Q139: 일체형양변기 | R139: 위생도기
A140: 대원건설 | B140: 용인전대 - 용인 에버랜드역 칸타빌 | C140: 한일상사 | D140: '2026.06 | F140: CL359H | H140: 696 | I140: 50000 | J140: 24 | K140: =IFERROR(J140*H140,"0") -> 16704 | L140: =IFERROR(K140/1000,"0") -> 16.704 | M140: =I140*H140 -> 34800000 | N140: 흑니켈 | P140: 김세동 | Q140: 일체형세면기 | R140: OEM
A141: 더블유에이치지코리아 | B141: 호텔 그레이스리 서울(막차 납품) | C141: 한일상사 | D141: '2026.08 | F141: CC670EKT | H141: 70 | I141: 177474 | J141: 29.3 | K141: =IFERROR(J141*H141,"0") -> 2051 | L141: =IFERROR(K141/1000,"0") -> 2.051 | M141: =I141*H141 -> 12423180 | P141: 김세동 | Q141: 일체형양변기 | R141: 위생도기 | S141: 변상익
A142: 더블유에이치지코리아 | B142: 호텔 그레이스리 서울(막차 납품) | C142: 한일상사 | D142: '2026.08 | F142: DL-P4010 | H142: 70 | I142: 3179 | J142: 0 | K142: =IFERROR(J142*H142,"0") -> 0 | L142: =IFERROR(K142/1000,"0") -> 0 | M142: =I142*H142 -> 222530 | P142: 김세동 | Q142: 기타수전 | R142: 수전 | S142: 변상익
A143: - | B143: 대구 한화생명 | C143: 한솔위생도기 | D143: '2027.01 | F143: CU511PUJ | H143: 20 | I143: 174800 | J143: 40 | K143: =IFERROR(J143*H143,"0") -> 800 | L143: =IFERROR(K143/1000,"0") -> 0.8 | M143: =I143*H143 -> 3496000 | N143: CL300F 반다리 적용 | P143: 김세동 | Q143: 소변기 | R143: OEM
A144: - | B144: 대구 한화생명 | C144: 한솔위생도기 | D144: '2027.01 | F144: CC420P | H144: 87 | I144: 209950 | J144: 29.1 | K144: =IFERROR(J144*H144,"0") -> 2531.7 | L144: =IFERROR(K144/1000,"0") -> 2.5317 | M144: =I144*H144 -> 18265650 | P144: 김세동 | Q144: 벽걸이양변기 | R144: 위생도기
A145: - | B145: 대구 한화생명 | C145: 한솔위생도기 | D145: '2027.01 | F145: CL603 | H145: 49 | I145: 77000 | J145: 7.2 | K145: =IFERROR(J145*H145,"0") -> 352.8 | L145: =IFERROR(K145/1000,"0") -> 0.3528 | M145: =I145*H145 -> 3773000 | P145: 김세동 | Q145: 언더카운터 | R145: 위생도기
A146: - | B146: 증산도 상생 역사 문화 교육원(막차 납품) | C146: 한솔위생도기 | D146: '2026.05 | F146: CC420P | H146: 530 | I146: 225000 | J146: 29.1 | K146: =IFERROR(J146*H146,"0") -> 15423 | L146: =IFERROR(K146/1000,"0") -> 15.423 | M146: =I146*H146 -> 119250000 | P146: 김세동 | Q146: 벽걸이양변기 | R146: 위생도기
A147: 리노공업 | B147: 부산 에코델타시티 일반산업단지 공장 신축공사 현장_비주거 | C147: 지얼세라믹 | D147: '2026.06 | F147: DL-P4010 | H147: 361 | I147: 2592 | J147: 0 | K147: =IFERROR(J147*H147,"0") -> 0 | L147: =IFERROR(K147/1000,"0") -> 0 | M147: =I147*H147 -> 935712 | P147: 김세동 | Q147: 기타수전 | R147: 수전 | S147: 윤영재
A148: 리노공업 | B148: 부산 에코델타시티 일반산업단지 공장 신축공사 현장_비주거 | C148: 지얼세라믹 | D148: '2026.06 | F148: CC114HD | H148: 2 | I148: 54000 | J148: 19 | K148: =IFERROR(J148*H148,"0") -> 38 | L148: =IFERROR(K148/1000,"0") -> 0.038 | M148: =I148*H148 -> 108000 | P148: 김세동 | Q148: F/V양변기 | R148: OEM | S148: 윤영재
A149: 리노공업 | B149: 부산 에코델타시티 일반산업단지 공장 신축공사 현장_비주거 | C149: 지얼세라믹 | D149: '2026.06 | F149: TFT301G | H149: 2 | I149: 45000 | J149: 0 | K149: =IFERROR(J149*H149,"0") -> 0 | L149: =IFERROR(K149/1000,"0") -> 0 | M149: =I149*H149 -> 90000 | P149: 김세동 | Q149: 기타수전 | R149: 수전 | S149: 윤영재
A150: 리노공업 | B150: 부산 에코델타시티 일반산업단지 공장 신축공사 현장_비주거 | C150: 지얼세라믹 | D150: '2026.06 | F150: DL-L8210 | H150: 157 | I150: 101503 | J150: 0 | K150: =IFERROR(J150*H150,"0") -> 0 | L150: =IFERROR(K150/1000,"0") -> 0 | M150: =I150*H150 -> 15935971 | P150: 김세동 | Q150: 세면수전 | R150: 수전 | S150: 윤영재
A151: 리노공업 | B151: 부산 에코델타시티 일반산업단지 공장 신축공사 현장_비주거 | C151: 지얼세라믹 | D151: '2026.06 | F151: DL-P4010 | H151: 161 | I151: 3222 | J151: 0 | K151: =IFERROR(J151*H151,"0") -> 0 | L151: =IFERROR(K151/1000,"0") -> 0 | M151: =I151*H151 -> 518742 | P151: 김세동 | Q151: 기타수전 | R151: 수전 | S151: 윤영재
A152: 리노공업 | B152: 부산 에코델타시티 일반산업단지 공장 신축공사 현장_비주거 | C152: 지얼세라믹 | D152: '2026.06 | F152: DL-P4010 | H152: 161 | I152: 3222 | J152: 0 | K152: =IFERROR(J152*H152,"0") -> 0 | L152: =IFERROR(K152/1000,"0") -> 0 | M152: =I152*H152 -> 518742 | P152: 김세동 | Q152: 기타수전 | R152: 수전 | S152: 윤영재
A153: 리노공업 | B153: 부산 에코델타시티 일반산업단지 공장 신축공사 현장_비주거 | C153: 지얼세라믹 | D153: '2026.06 | F153: DL-P4021 | H153: 161 | I153: 6445 | J153: 0 | K153: =IFERROR(J153*H153,"0") -> 0 | L153: =IFERROR(K153/1000,"0") -> 0 | M153: =I153*H153 -> 1037645 | P153: 김세동 | Q153: 기타수전 | R153: 수전 | S153: 윤영재
A154: 리노공업 | B154: 부산 에코델타시티 일반산업단지 공장 신축공사 현장_비주거 | C154: 지얼세라믹 | D154: '2026.06 | F154: DL-P4031 | H154: 161 | I154: 7608 | J154: 0 | K154: =IFERROR(J154*H154,"0") -> 0 | L154: =IFERROR(K154/1000,"0") -> 0 | M154: =I154*H154 -> 1224888 | P154: 김세동 | Q154: 기타수전 | R154: 수전 | S154: 윤영재
A155: 리노공업 | B155: 부산 에코델타시티 일반산업단지 공장 신축공사 현장_비주거 | C155: 지얼세라믹 | D155: '2026.06 | F155: CL855 | H155: 152 | I155: 55000 | J155: 17 | K155: =IFERROR(J155*H155,"0") -> 2584 | L155: =IFERROR(K155/1000,"0") -> 2.584 | M155: =I155*H155 -> 8360000 | P155: 김세동 | Q155: 탑볼 | R155: OEM | S155: 윤영재
A156: 리노공업 | B156: 부산 에코델타시티 일반산업단지 공장 신축공사 현장_비주거 | C156: 지얼세라믹 | D156: '2026.06 | F156: CL370 | H156: 5 | I156: 91320 | J156: 27 | K156: =IFERROR(J156*H156,"0") -> 135 | L156: =IFERROR(K156/1000,"0") -> 0.135 | M156: =I156*H156 -> 456600 | P156: 김세동 | Q156: 일체형세면기 | R156: OEM | S156: 윤영재
A157: 리노공업 | B157: 부산 에코델타시티 일반산업단지 공장 신축공사 현장_비주거 | C157: 지얼세라믹 | D157: '2026.06 | F157: DL-A9056 | H157: 363 | I157: 18000 | J157: 0 | K157: =IFERROR(J157*H157,"0") -> 0 | L157: =IFERROR(K157/1000,"0") -> 0 | M157: =I157*H157 -> 6534000 | P157: 김세동 | Q157: 기타수전 | R157: 수전 | S157: 윤영재
A158: 리노공업 | B158: 부산 에코델타시티 일반산업단지 공장 신축공사 현장_비주거 | C158: 지얼세라믹 | D158: '2026.06 | F158: DL-B3013 | H158: 1 | I158: 66000 | J158: 0 | K158: =IFERROR(J158*H158,"0") -> 0 | L158: =IFERROR(K158/1000,"0") -> 0 | M158: =I158*H158 -> 66000 | P158: 김세동 | Q158: 욕조수전 | R158: 수전 | S158: 윤영재
...

Sheet ※비데 납품계획
A1: 2026년 01월 ~ 2026년 12월 리테일부문 비데 납품계획
C2: 구분 | E2: '2026.01 | F2: '2026.02 | G2: '2026.03 | H2: '2026.04 | I2: '2026.05 | J2: '2026.06 | K2: '2026.07 | L2: '2026.08 | M2: '2026.09 | N2: '2026.10 | O2: '2026.11 | P2: '2026.12 | Q2: 합계
C3: 분리형비데 | D3: 수량 | E3: =SUMIFS($H$11:$H$131,$D$11:$D$131,E2,$Q$11:$Q$131,$C$3) -> 0 | F3: =SUMIFS($H$11:$H$131,$D$11:$D$131,F2,$Q$11:$Q$131,$C$3) -> 0 | G3: =SUMIFS($H$11:$H$131,$D$11:$D$131,G2,$Q$11:$Q$131,$C$3) -> 0 | H3: =SUMIFS($H$11:$H$131,$D$11:$D$131,H2,$Q$11:$Q$131,$C$3) -> 2267 | I3: =SUMIFS($H$11:$H$131,$D$11:$D$131,I2,$Q$11:$Q$131,$C$3) -> 1856 | J3: =SUMIFS($H$11:$H$131,$D$11:$D$131,J2,$Q$11:$Q$131,$C$3) -> 1733 | K3: =SUMIFS($H$11:$H$131,$D$11:$D$131,K2,$Q$11:$Q$131,$C$3) -> 99 | L3: =SUMIFS($H$11:$H$131,$D$11:$D$131,L2,$Q$11:$Q$131,$C$3) -> 599 | ... P3: =SUMIFS($H$11:$H$131,$D$11:$D$131,P2,$Q$11:$Q$131,$C$3) -> 726 | Q3: =SUM(E3:P3) -> 8229 | R3: 수량
C4: 분리형비데 | D4: 금액 | E4: =SUMIFS($M$11:$M$131,$D$11:$D$131,E2,$Q$11:$Q$131,$C$4) -> 0 | F4: =SUMIFS($M$11:$M$131,$D$11:$D$131,F2,$Q$11:$Q$131,$C$4) -> 0 | G4: =SUMIFS($M$11:$M$131,$D$11:$D$131,G2,$Q$11:$Q$131,$C$4) -> 0 | H4: =SUMIFS($M$11:$M$131,$D$11:$D$131,H2,$Q$11:$Q$131,$C$4) -> 278182800 | I4: =SUMIFS($M$11:$M$131,$D$11:$D$131,I2,$Q$11:$Q$131,$C$4) -> 212485000 | J4: =SUMIFS($M$11:$M$131,$D$11:$D$131,J2,$Q$11:$Q$131,$C$4) -> 206141000 | K4: =SUMIFS($M$11:$M$131,$D$11:$D$131,K2,$Q$11:$Q$131,$C$4) -> 11385000 | L4: =SUMIFS($M$11:$M$131,$D$11:$D$131,L2,$Q$11:$Q$131,$C$4) -> 71280200 | ... P4: =SUMIFS($M$11:$M$131,$D$11:$D$131,P2,$Q$11:$Q$131,$C$4) -> 101640000 | Q4: =SUM(E4:P4) -> 992147000 | R4: 금액
C5: 일체형비데 | D5: 수량 | E5: =SUMIFS($H$11:$H$131,$D$11:$D$131,E2,$Q$11:$Q$131,$C$6) -> 0 | F5: =SUMIFS($H$11:$H$131,$D$11:$D$131,F2,$Q$11:$Q$131,$C$6) -> 0 | G5: =SUMIFS($H$11:$H$131,$D$11:$D$131,G2,$Q$11:$Q$131,$C$6) -> 0 | H5: =SUMIFS($H$11:$H$131,$D$11:$D$131,H2,$Q$11:$Q$131,$C$6) -> 3410 | I5: =SUMIFS($H$11:$H$131,$D$11:$D$131,I2,$Q$11:$Q$131,$C$6) -> 1212 | J5: =SUMIFS($H$11:$H$131,$D$11:$D$131,J2,$Q$11:$Q$131,$C$6) -> 9652 | K5: =SUMIFS($H$11:$H$131,$D$11:$D$131,K2,$Q$11:$Q$131,$C$6) -> 310 | L5: =SUMIFS($H$11:$H$131,$D$11:$D$131,L2,$Q$11:$Q$131,$C$6) -> 1304 | ... P5: =SUMIFS($H$11:$H$131,$D$11:$D$131,P2,$Q$11:$Q$131,$C$6) -> 2532 | Q5: =SUM(E5:P5) -> 20672 | R5: 수량
C6: 일체형비데 | D6: 금액 | E6: =SUMIFS($M$11:$M$131,$D$11:$D$131,E2,$Q$11:$Q$131,$C$6) -> 0 | F6: =SUMIFS($M$11:$M$131,$D$11:$D$131,F2,$Q$11:$Q$131,$C$6) -> 0 | G6: =SUMIFS($M$11:$M$131,$D$11:$D$131,G2,$Q$11:$Q$131,$C$6) -> 0 | H6: =SUMIFS($M$11:$M$131,$D$11:$D$131,H2,$Q$11:$Q$131,$C$6) -> 8.897353e+08 | I6: =SUMIFS($M$11:$M$131,$D$11:$D$131,I2,$Q$11:$Q$131,$C$6) -> 2.5892329e+08 | J6: =SUMIFS($M$11:$M$131,$D$11:$D$131,J2,$Q$11:$Q$131,$C$6) -> 2977619133 | K6: =SUMIFS($M$11:$M$131,$D$11:$D$131,K2,$Q$11:$Q$131,$C$6) -> 55863750 | L6: =SUMIFS($M$11:$M$131,$D$11:$D$131,L2,$Q$11:$Q$131,$C$6) -> 180719398 | ... P6: =SUMIFS($M$11:$M$131,$D$11:$D$131,P2,$Q$11:$Q$131,$C$6) -> 521490714 | Q6: =SUM(E6:P6) -> 5.343784e+09 | R6: 금액
C7: 합계 | D7: 수량 | E7: =E3+E5 -> 0 | F7: =F3+F5 -> 0 | G7: =G3+G5 -> 0 | H7: =H3+H5 -> 5677 | I7: =I3+I5 -> 3068 | J7: =J3+J5 -> 11385 | K7: =K3+K5 -> 409 | L7: =L3+L5 -> 1903 | ... P7: =P3+P5 -> 3258 | Q7: =SUM(E7:P7) -> 28901 | R7: 수량
C8: 합계 | D8: 금액 | E8: =E6+E4 -> 0 | F8: =F6+F4 -> 0 | G8: =G6+G4 -> 0 | H8: =H6+H4 -> 1.1679181e+09 | I8: =I6+I4 -> 4.7140829e+08 | J8: =J6+J4 -> 3183760133 | K8: =K6+K4 -> 67248750 | L8: =L6+L4 -> 251999598 | ... P8: =P6+P4 -> 623130714 | Q8: =SUM(E8:P8) -> 6.335931e+09 | R8: 금액
A11: 건설회사 | B11: 현장명 | C11: 대리점 | D11: 납품예정 | E11: 입주예정 | F11: 품목 | G11: 색상 | H11: 수량 | I11: 대리점가 | J11: 중량(KG) | K11: 총무게(KG) | L11: 총무게(TON) | M11: 금액 | N11: 특수사양 | O11: 비고 | P11: 담당자 | Q11: 품목 | R11: 구분 | S11: SPEC담당
A12: 아주건설 | B12: 제주 아주 더 하이클래스 현장 | C12: 케이에스비시스템 | D12: '2026.04 | F12: DST-680N | H12: 20 | I12: 179695 | J12: 9.4 | K12: 188 | L12: 0.188 | M12: 3593900 | P12: 권순호 | Q12: 일체형비데 | R12: 비데 | S12: 윤영재
A13: 태왕이앤씨 | B13: 대구 태왕아너스 프리미어(성창 재건축)(1차 납품) | C13: 홈센타홀딩스 | D13: '2026.05 | F13: DST-1300LS | H13: 200 | I13: 128000 | K13: 0 | L13: 0 | M13: 25600000 | N13: 일반 도소매 사양 | P13: 조동욱 | Q13: 분리형비데 | R13: 비데
A14: 설해원 | B14: 설해수림 | C14: 시내울산업 | D14: '2026.04 | F14: DST-680NR | H14: 32 | I14: 191836 | K14: 0 | L14: 0 | M14: 6138752 | N14: R-BAR 리모콘 적용 | P14: 금지현 | Q14: 일체형비데 | R14: 비데
A15: 코오롱건설 | B15: 권선6구역 래미안 매교역 팰루시드 | C15: 홈센타홀딩스 | D15: '2026.06 | F15: DST-660N | H15: 815 | I15: 190983 | K15: 0 | L15: 0 | M15: 155651145 | N15: 일반 도소매 사양 | P15: 조동욱 | Q15: 일체형비데 | R15: 비데
A16: 현대건설 | B16: 인천 청라 드림타운 | C16: 직납 | D16: '2026.04 | F16: DST-550F | H16: 404 | I16: 340000 | K16: 0 | L16: 0 | M16: 137360000 | N16: FULEN | O16: 급수호스 및 전원코드 길이 특수사양 | P16: 김광제 | Q16: 일체형비데 | R16: 비데
A17: 현대산업개발 | B17: 춘천 레이크시티 아이파크 | C17: 케이디시스템 | D17: '2026.05 | F17: DST-8000F | H17: 34 | I17: 637164 | K17: 0 | L17: 0 | M17: 21663576 | N17: FULEN | P17: 최윤한 | Q17: 일체형비데 | R17: 비데
A18: DL건설 | B18: e편한세상 제물포역 파크메종 | C18: 직납 | D18: '2026.06 | F18: DST-660N | H18: 186 | I18: 183825 | K18: 0 | L18: 0 | M18: 34191450 | N18: 일반 도소매 사양 | P18: 박준혁 | Q18: 일체형비데 | R18: 비데
A19: 한국기술서비스 | B19: 서울 지하철통합관제센터 | C19: 케이디시스템 | D19: '2026.08 | F19: DST-1700 | H19: 22 | I19: 120600 | K19: 0 | L19: 0 | M19: 2653200 | N19: 일반 도소매 사양 | P19: 최윤한 | Q19: 분리형비데 | R19: 비데
A20: 중흥건설 | B20: 광주 송정공원 중흥S-클래스 | C20: 신우세라믹 | D20: '2026.06 | F20: DST-670 | H20: 298 | I20: 178000 | K20: 0 | L20: 0 | M20: 53044000 | N20: 일반 도소매 사양 | P20: 김혜림 | Q20: 일체형비데 | R20: 비데
A21: 호반건설 | B21: 오산 세교2지구 A13블럭 호반써밋 라프리미어 | C21: 기흔인터내셔널 | D21: '2026.05 | F21: DST-660N | H21: 388 | I21: 167983 | K21: 0 | L21: 0 | M21: 65177404 | N21: 일반 도소매 사양 | P21: 백세현 | Q21: 일체형비데 | R21: 비데
A22: GS건설 | B22: 안양 자이 더포레스트(화창지구)현장 | C22: 레코드 | D22: '2026.04 | F22: DST-680NR | H22: 492 | I22: 174886 | K22: 0 | L22: 0 | M22: 86043912 | N22: R-BAR 리모콘 적용 | P22: 백성렬 | Q22: 일체형비데 | R22: 비데
A23: (주)한화 | B23: 포레나 안산 고잔2차 | C23: 하나도기 | D23: '2026.06 | F23: DST-1300RLS | H23: 169 | I23: 137000 | K23: 0 | L23: 0 | M23: 23153000 | N23: 일반 도소매 사양 | P23: 이승현2 | Q23: 분리형비데 | R23: 비데
A24: 현대엔지니어링 | B24: 힐스테이트 속초 | C24: 직납 | D24: '2026.05 | F24: DST-670 | H24: 30 | I24: 204333 | K24: 0 | L24: 0 | M24: 6129990 | N24: 일반 도소매 사양 | P24: 김광제 | Q24: 일체형비데 | R24: 비데
A25: DL건설 | B25: e편한세상 평촌 어반밸리 | C25: 직납 | D25: '2026.05 | F25: DST-1300LS | H25: 313 | I25: 117000 | K25: 0 | L25: 0 | M25: 36621000 | N25: 일반 도소매 사양 | O25: 옵션수량 변동가능성 有 | P25: 박준혁 | Q25: 분리형비데 | R25: 비데
A26: 롯데건설 | B26: 인천 검단 롯데캐슬 넥스티엘 | C26: 티엔씨시스템 | D26: '2026.04 | F26: DST-8000F | H26: 64 | I26: 602251 | K26: 0 | L26: 0 | M26: 38544064 | N26: FULEN | P26: 백세현 | Q26: 일체형비데 | R26: 비데
A27: DL건설 | B27: e편한세상 대전역 센텀비스타 | C27: 직납 | D27: '2026.04 | F27: DST-1300LS | H27: 348 | I27: 117000 | K27: 0 | L27: 0 | M27: 40716000 | N27: 일반 도소매 사양 | O27: 옵션수량 변동가능성 有 | P27: 박준혁 | Q27: 분리형비데 | R27: 비데
A28: DL건설 | B28: e편한세상 대전역 센텀비스타 | C28: 직납 | D28: '2026.04 | F28: DST-660N | H28: 154 | I28: 183825 | K28: 0 | L28: 0 | M28: 28309050 | N28: 일반 도소매 사양 | O28: 옵션수량 변동가능성 有 | P28: 박준혁 | Q28: 일체형비데 | R28: 비데
A29: DL이앤씨 | B29: 부산 e편한세상 금정 메종카운티 | C29: 직납 | D29: '2026.05 | F29: DST-1300LS | H29: 362 | I29: 117000 | K29: 0 | L29: 0 | M29: 42354000 | N29: 일반 도소매 사양 | P29: 박준혁 | Q29: 분리형비데 | R29: 비데
A30: DL이앤씨 | B30: 경기 e편한세상 시흥 더블스퀘어 현장(재건축, APT) | C30: 직납 | D30: '2026.04 | F30: DST-1300LS | H30: 899 | I30: 117000 | K30: 0 | L30: 0 | M30: 105183000 | N30: 일반 도소매 사양 | P30: 김주오 | Q30: 분리형비데 | R30: 비데
A31: DL이앤씨 | B31: e편한세상 시흥 더블스퀘어_추가 | C31: 직납 | D31: '2026.04 | F31: DST-660N | H31: 232 | I31: 176008 | K31: 0 | L31: 0 | M31: 40833856 | N31: 일반 도소매 사양 | P31: 김주오 | Q31: 일체형비데 | R31: 비데
A32: GS건설 | B32: 의왕 내손 라 구역(1차 납품) | C32: 세광도기 | D32: '2026.04 | F32: DST-8000F | H32: 1020 | I32: 350000 | K32: 0 | L32: 0 | M32: 357000000 | N32: FULEN | P32: 김정완 | Q32: 일체형비데 | R32: 비데
A33: GS건설 | B33: 의왕 내손 라 구역(막차 납품) | C33: 세광도기 | D33: '2026.05 | F33: DST-8000F | H33: 295 | I33: 350000 | K33: 0 | L33: 0 | M33: 103250000 | N33: FULEN | P33: 김정완 | Q33: 일체형비데 | R33: 비데
A34: DL건설 | B34: 인천 e편한세상 검단 에코비스타 | C34: 직납 | D34: '2026.05 | F34: DST-660N | H34: 348 | I34: 176008 | K34: 0 | L34: 0 | M34: 61250784 | N34: 일반 도소매 사양 | O34: 옵션수량 변동가능성 有 | P34: 박준혁 | Q34: 일체형비데 | R34: 비데
A35: 중흥건설 | B35: 부산 에코델타시티 16블록 중흥S-클래스 | C35: 태욱 | D35: '2026.08 | F35: DST-670 | H35: 694 | I35: 178000 | K35: 0 | L35: 0 | M35: 123532000 | N35: 일반 도소매 사양 | P35: 김혜림 | Q35: 일체형비데 | R35: 비데
A36: DL이앤씨 | B36: 인천 e편한세상 검단 웰카운티 | C36: 직납 | D36: '2026.06 | F36: DST-1300LS | H36: 1094 | I36: 117000 | K36: 0 | L36: 0 | M36: 127998000 | N36: 일반 도소매 사양 | P36: 박준혁 | Q36: 분리형비데 | R36: 비데
A37: DL이앤씨 | B37: 인천 e편한세상 검단 웰카운티 | C37: 직납 | D37: '2026.06 | F37: DST-660N | H37: 330 | I37: 183825 | K37: 0 | L37: 0 | M37: 60662250 | N37: 일반 도소매 사양 | P37: 박준혁 | Q37: 일체형비데 | R37: 비데
A38: SK건설 | B38: 권선6구역 래미안 매교역 팰루시드 | C38: 케이에스비시스템 | D38: '2026.04 | F38: DST-660N | H38: 973 | I38: 190983 | K38: 0 | L38: 0 | M38: 185826459 | N38: 일반 도소매 사양 | P38: 권순호 | Q38: 일체형비데 | R38: 비데
A39: 현대건설 | B39: 방배5구역 (디에이치방배) 재개발 조합 | C39: 직납 | D39: '2026.06 | F39: DST-550F | H39: 3020 | I39: 371583 | K39: 0 | L39: 0 | M39: 1122180660 | N39: FULEN | P39: 김광제 | Q39: 일체형비데 | R39: 비데
A40: 현대건설 | B40: 방배5구역 (디에이치방배) 재개발 조합 | C40: 직납 | D40: '2026.06 | F40: DST-8101F | H40: 3078 | I40: 371583 | K40: 0 | L40: 0 | M40: 1143732474 | N40: FULEN | P40: 김광제 | Q40: 일체형비데 | R40: 비데
A41: 현대건설 | B41: 방배5구역 (디에이치방배) 재건축 조합 | C41: 직납 | D41: '2026.06 | F41: DST-8000F | H41: 45 | I41: 789810 | K41: 0 | L41: 0 | M41: 35541450 | N41: FULEN | P41: 김광제 | Q41: 일체형비데 | R41: 비데
A42: 신안건설산업 | B42: 이천백사지구 지역주택조합(신안 실크밸리 추가) | C42: 하나도기 | D42: '2026.05 | F42: DST-1700 | H42: 981 | I42: 110000 | K42: 0 | L42: 0 | M42: 107910000 | N42: 일반 도소매 사양 | P42: 이승현2 | Q42: 분리형비데 | R42: 비데
A43: DL이앤씨 | B43: e편한세상 내포 퍼스트드림 | C43: 직납 | D43: '2026.10 | F43: DST-1300LS | H43: 949 | I43: 117000 | K43: 0 | L43: 0 | M43: 111033000 | N43: 일반 도소매 사양 | P43: 박준혁 | Q43: 분리형비데 | R43: 비데
A44: 중흥건설 | B44: 성남 금토 판교 테크노밸리 중흥S클래스 | C44: 신우세라믹 | D44: '2026.07 | F44: DST-680 | H44: 272 | I44: 179700 | K44: 0 | L44: 0 | M44: 48878400 | N44: 일반 도소매 사양 | P44: 김혜림 | Q44: 일체형비데 | R44: 비데
A45: 삼성물산 | B45: 권선6구역 래미안 매교역 팰루시드 | C45: KCC글라스 | D45: '2026.06 | F45: DST-660N | H45: 954 | I45: 190983 | K45: 0 | L45: 0 | M45: 182197782 | N45: 일반 도소매 사양 | P45: 금지현 | Q45: 일체형비데 | R45: 비데
A46: (주)한화 | B46: 포레나 안산 고잔2차 | C46: 하나도기 | D46: '2026.06 | F46: DST-670 | H46: 273 | I46: 140000 | K46: 0 | L46: 0 | M46: 38220000 | N46: 일반 도소매 사양 | P46: 이승현2 | Q46: 일체형비데 | R46: 비데
A47: DL건설 | B47: e편한세상 도원역 퍼스트하임 | C47: 직납 | D47: '2026.08 | F47: DST-1300LS | H47: 491 | I47: 117000 | K47: 0 | L47: 0 | M47: 57447000 | N47: 일반 도소매 사양 | O47: 옵션수량 변동가능성 有 | P47: 박준혁 | Q47: 분리형비데 | R47: 비데
A48: DL건설 | B48: 의정부 e편한세상 신곡 시그니쳐뷰 | C48: 직납 | D48: '2026.06 | F48: DST-660N | H48: 320 | I48: 176008 | K48: 0 | L48: 0 | M48: 56322560 | N48: 일반 도소매 사양 | O48: 옵션수량 변동가능성 有 | P48: 박준혁 | Q48: 일체형비데 | R48: 비데
A49: DL건설 | B49: 의정부 e편한세상 신곡 시그니쳐뷰 | C49: 직납 | D49: '2026.06 | F49: DST-1300LS | H49: 470 | I49: 117000 | K49: 0 | L49: 0 | M49: 54990000 | N49: 일반 도소매 사양 | O49: 옵션수량 변동가능성 有 | P49: 박준혁 | Q49: 분리형비데 | R49: 비데
A50: 더블유에이치지코리아 | B50: 호텔 그레이스리 서울 2차(2차납품분) | C50: 한일상사 | D50: '2026.08 | F50: DST-670BR | H50: 70 | I50: 188953 | K50: 0 | L50: 0 | M50: 13226710 | N50: 바타입리모컨(DST660용 리모컨) | P50: 김세동 | Q50: 일체형비데 | R50: 비데
A51: 중흥건설 | B51: 평택 브레인시티A-1BL 중흥S클래스 | C51: 태욱 | D51: '2026.09 | F51: DST-680 | H51: 396 | I51: 179695 | K51: 0 | L51: 0 | M51: 71159220 | N51: 일반 도소매 사양 | P51: 김혜림 | Q51: 일체형비데 | R51: 비데
A52: KCC건설 | B52: KCC건설 부산 해운대 엘마르 스위첸 (비주거,오피스텔) | C52: 하나도기 | D52: '2026.04 | F52: DST-1300LS | H52: 180 | I52: 129690 | K52: 0 | L52: 0 | M52: 23344200 | N52: 일반 도소매 사양 | P52: 이승현2 | Q52: 분리형비데 | R52: 비데
A53: 중흥건설 | B53: 검단 중흥S클래스 에듀파크 | C53: 태욱 | D53: '2027.01 | F53: DST-680 | H53: 824 | I53: 179695 | K53: 0 | L53: 0 | M53: 148068680 | N53: 일반 도소매 사양 | P53: 김혜림 | Q53: 일체형비데 | R53: 비데
A54: 현대엔지니어링 | B54: 힐스테이트 광주 중외공원 2BL,3BL | C54: 직납 | D54: '2026.10 | F54: DST-670 | H54: 420 | I54: 199938 | K54: 0 | L54: 0 | M54: 83973960 | N54: 일반 도소매 사양 | P54: 김광제 | Q54: 일체형비데 | R54: 비데
A55: 모아종합건설 | B55: 강릉 모아미래도 오션리버 옵션품번 | C55: 중마타일 | D55: '2026.10 | F55: DST-670 | H55: 122 | I55: 162193 | K55: 0 | L55: 0 | M55: 19787546 | N55: 일반 도소매 사양 | O55: 옵션수량 변동가능성 有 | P55: 김혜림 | Q55: 일체형비데 | R55: 비데
A56: 대원건설 | B56: 용인전대 | C56: 한일상사 | D56: '2026.10 | F56: DST-670 | H56: 348 | I56: 120000 | K56: 0 | L56: 0 | M56: 41760000 | N56: 일반 도소매 사양 | P56: 김세동 | Q56: 일체형비데 | R56: 비데
A57: 중흥건설 | B57: 부산 장안 지구 B-2BL 중흥S클래스 | C57: 신우세라믹 | D57: '2026.11 | F57: DST-680 | H57: 308 | I57: 179695 | K57: 0 | L57: 0 | M57: 55346060 | N57: 일반 도소매 사양 | P57: 김혜림 | Q57: 일체형비데 | R57: 비데
A58: DL이앤씨 | B58: 전남 e편한세상 여수 글렌츠 현장 | C58: 직납 | D58: '2027.03 | F58: DST-1300LS | H58: 1174 | I58: 117000 | K58: 0 | L58: 0 | M58: 137358000 | N58: 일반 도소매 사양 | P58: 박준혁 | Q58: 분리형비데 | R58: 비데
A59: 신영 | B59: 청주 테크노폴리스센트럴 | C59: 하나도기 | D59: '2027.01 | F59: DST-1300LS | H59: 980 | I59: 137700 | K59: 0 | L59: 0 | M59: 134946000 | N59: 일반 도소매 사양 | P59: 이승현2 | Q59: 분리형비데 | R59: 비데
A60: 코오롱건설 | B60: 양평 하늘채 센트로힐스 | C60: 에스비하우징 | D60: '2027.02 | F60: DST-680 | H60: 339 | I60: 177653 | K60: 0 | L60: 0 | M60: 60224367 | N60: 일반 도소매 사양 | P60: 백성렬 | Q60: 일체형비데 | R60: 비데
A61: 호반건설 | B61: 천안 일봉공원 호반써밋 센트럴파크 2블록 | C61: 기흔인터내셔널 | D61: '2026.12 | F61: DST-660N | H61: 379 | I61: 151491 | K61: 0 | L61: 0 | M61: 57415089 | N61: 일반 도소매 사양 | P61: 백세현 | Q61: 일체형비데 | R61: 비데
A62: 다원앤컴퍼니 | B62: 강원도 정선 하이원리조트 그랜드호텔, 마운틴콘도 리모델링 | C62: 시내울산업 | D62: '2027.03 | F62: DST-831 | H62: 443 | I62: 279382 | K62: 0 | L62: 0 | M62: 123766226 | N62: 일반 도소매 사양 | P62: 금지현 | Q62: 일체형비데 | R62: 비데
A63: 다원앤컴퍼니 | B63: 강원도 정선 하이원리조트 그랜드호텔, 마운틴콘도 리모델링 | C63: 시내울산업 | D63: '2027.03 | F63: DST-550 | H63: 48 | I63: 293302 | K63: 0 | L63: 0 | M63: 14078496 | N63: 일반 도소매 사양 | P63: 금지현 | Q63: 일체형비데 | R63: 비데
A64: 다원앤컴퍼니 | B64: 강원도 정선 하이원리조트 그랜드호텔, 마운틴콘도 리모델링 | C64: 시내울산업 | D64: '2027.03 | F64: DST-680NR | H64: 32 | I64: 206196 | K64: 0 | L64: 0 | M64: 6598272 | N64: R-BAR 리모콘 적용 | P64: 금지현 | Q64: 일체형비데 | R64: 비데
A65: 롯데건설 | B65: 롯데건설(주) 이촌 르엘 (리모델링,APT) | C65: 티엔씨시스템 | D65: '2026.12 | F65: DST-680NR | H65: 1352 | I65: 256568 | K65: 0 | L65: 0 | M65: 346879936 | N65: R-BAR 리모콘 적용 | P65: 백세현 | Q65: 일체형비데 | R65: 비데
A66: LH | B66: 경기 수원 당수 A-5BL 5공구(시공사:효성중공업) 현장 | C66: 직납 | D66: '2026.12 | F66: DST-1300ALS | H66: 726 | I66: 140000 | K66: 0 | L66: 0 | M66: 101640000 | N66: 누전차단 | P66: 박준혁 | Q66: 분리형비데 | R66: 비데
A67: 더블유에이치지코리아 | B67: 호텔 그레이스리 서울 2차(3차납품분) | C67: 한일상사 | D67: '2026.12 | F67: DST-670BR | H67: 91 | I67: 188953 | K67: 0 | L67: 0 | M67: 17194723 | N67: 바타입리모컨(DST660용 리모컨) | P67: 김세동 | Q67: 일체형비데 | R67: 비데
... A91: 호반건설 | B91: 경북 위파크 안동 | C91: 기흔인터내셔널 | D91: '2026.08 | F91: DST-670BR | H91: 236 | I91: 175368 | K91: 0 | L91: 0 | M91: 41386848 | N91: 바타입리모컨(DST660용 리모컨) | P91: 백세현 | Q91: 일체형비데 | R91: 비데
A92: 롯데건설 | B92: 부산 양정 롯데캐슬 프론티엘(유상옵션) | C92: 티엔씨시스템 | D92: '2026.12 | F92: DST-8000F | H92: 166 | I92: 1 | K92: 0 | L92: 0 | M92: 166 | P92: 백세현 | Q92: 일체형비데 | R92: 비데
A93: 호반건설 | B93: 연희공원 호반써밋 파크에디션 | C93: 기흔인터내셔널 | D93: '2026.11 | F93: DST-660N | H93: 296 | I93: 150341 | K93: 0 | L93: 0 | M93: 44500936 | N93: 일반 도소매 사양 | P93: 백세현 | Q93: 일체형비데 | R93: 비데
A94: 호반건설 | B94: 인천 검단신도시(AB13블럭) 호반써밋3차 | C94: 기흔인터내셔널 | D94: '2026.06 | F94: DST-670BR | H94: 333 | I94: 287914 | J94: 29.3 | K94: 9756.9 | L94: 9.7569 | M94: 95875362 | N94: 바타입리모컨(DST660용 리모컨) | P94: 백세현 | Q94: 일체형비데 | R94: 비데
A95: DL건설 | B95: e편한세상 평촌 어반밸리 | C95: 직납 | D95: '2026.08 | F95: DST-660N | H95: 290 | I95: 1 | K95: 0 | L95: 0 | M95: 290 | N95: 일반 도소매 사양 | O95: 옵션수량 변동가능성 有 | P95: 박준혁 | Q95: 일체형비데 | R95: 비데
A96: DL이앤씨 | B96: 부산 e편한세상 금정 메종카운티 | C96: 직납 | D96: '2026.05 | F96: DST-660N | H96: 106 | I96: 1 | K96: 0 | L96: 0 | M96: 106 | N96: 일반 도소매 사양 | P96: 박준혁 | Q96: 일체형비데 | R96: 비데
A97: DL이앤씨 | B97: e편한세상 일산 메이포레 | C97: 직납 | D97: '2026.12 | F97: DST-660 | H97: 544 | I97: 183825 | K97: 0 | L97: 0 | M97: 100000800 | N97: 일반 도소매 사양 | P97: 김주오 | Q97: 일체형비데 | R97: 비데
A98: DL이앤씨 | B98: 울산 e편한세상 번영로 리더스포레스트 | C98: 직납 | D98: '2026.08 | F98: DST-660 | H98: 14 | I98: 183825 | K98: 0 | L98: 0 | M98: 2573550 | N98: 일반 도소매 사양 | P98: 김주오 | Q98: 일체형비데 | R98: 비데
A99: DL이앤씨 | B99: 울산 e편한세상 신정 스카이하임 | C99: 직납 | D99: '2026.07 | F99: DST-660 | H99: 38 | I99: 183825 | K99: 0 | L99: 0 | M99: 6985350 | N99: 일반 도소매 사양 | P99: 김주오 | Q99: 일체형비데 | R99: 비데
A100: DL이앤씨 | B100: 전남 e편한세상 여수 글렌츠 현장 | C100: 직납 | D100: '2027.02 | F100: DST-660 | H100: 220 | I100: 183825 | K100: 0 | L100: 0 | M100: 40441500 | N100: 일반 도소매 사양 | P100: 김주오 | Q100: 일체형비데 | R100: 비데
A101: 호반건설 | B101: 제주도 위파크 제주 | C101: 기흔인터내셔널 | D101: '2027.05 | F101: DST-670BR | H101: 140 | I101: 171001 | K101: 0 | L101: 0 | M101: 23940140 | N101: 바타입리모컨(DST660용 리모컨) | P101: 백세현 | Q101: 일체형비데 | R101: 비데
A102: 유림 | B102: 울산 노르웨이숲 | C102: 하나도기 | D102: '2026.04 | F102: DST-1300LS | H102: 840 | I102: 129690 | K102: 0 | L102: 0 | M102: 108939600 | P102: 이승현2 | Q102: 분리형비데 | R102: 비데
A103: LH | B103: 성남 금토 A4블럭신혼희망타운 | C103: 세일도기 | D103: '2027.07 | F103: DST-1300A | H103: 1150 | I103: 126000 | J103: 0 | K103: 0 | L103: 0 | M103: 144900000 | O103: 설치비(12천원)제외/DST-1300A제품(누전차단) | P103: 금지현 | Q103: 분리형비데 | R103: 비데 | S103: 박기진
A104: LH | B104: 경기 의왕 청계2 A-1BL | C104: 케이디시스템 | D104: '2027.06 | F104: DST-1300A | H104: 480 | I104: 135000 | J104: 0 | K104: 0 | L104: 0 | M104: 64800000 | O104: 비데설치비(12천원)제외/DST-1300A제품(누전차단) | P104: 최윤한 | Q104: 분리형비데 | R104: 비데 | S104: 박기진
A105: 한양건설 | B105: 이천(지역주택조합,APT) | C105: 유은산업 | D105: '2028.01 | F105: DST-680N | H105: 122 | I105: 228629 | J105: 0 | K105: 0 | L105: 0 | M105: 27892738 | O105: 설치비(15천원) 제외, 정심후렌지(202VN), 역류방지앵글밸브1EA포함 | P105: 금지현 | Q105: 일체형비데 | R105: 비데 | S105: 김주석
A106: 한양건설 | B106: 전남 담양 고서 동운리 636 | C106: 엔와이산업 | D106: '2028.03 | F106: DST-680N | H106: 170 | I106: 236698 | J106: 0 | K106: 0 | L106: 0 | M106: 40238660 | O106: 설치비(15천원) 제외, 정심후렌지(202VN), 역류방지앵글밸브1EA포함 | P106: 조동욱 | Q106: 일체형비데 | R106: 비데 | S106: 김주석
A107: 포스코건설 | B107: 더샵 하이스트(분당느티마을 4단지) 리모델링 | C107: 세광도기 | D107: '2027.02 | F107: DST-680 | H107: 1149 | I107: 192954 | J107: 0 | K107: 0 | L107: 0 | M107: 221704146 | O107: 비데 설치비(15,000원) 제외 | P107: 김정완 | Q107: 일체형비데 | R107: 비데 | S107: 박성진
A108: 포스코건설 | B108: 더샵 하이스트(분당느티마을 4단지) 리모델링 | C108: 세광도기 | D108: '2027.02 | F108: DST-4001F | H108: 1149 | I108: 440785 | J108: 0 | K108: 0 | L108: 0 | M108: 506461965 | O108: 비데 설치비(15,000원) 제외 | P108: 김정완 | Q108: 일체형비데 | R108: 비데 | S108: 박성진
A109: 문장건설 | B109: 목포 남악오룡37~38BL 지엔하임 | C109: 동국타일 대구 | D109: '2028.09 | F109: DST-680 | H109: 40 | I109: 186089 | J109: 0 | K109: 0 | L109: 0 | M109: 7443560 | O109: 유상옵션 / 비KS제품(KS표기X) / 비데설치비(15천원)제외/부속,신형정심후렌지,1구앵글밸브 포함 | P109: 조동욱 | Q109: 일체형비데 | R109: 비데 | S109: 권남수
A110: 문장건설 | B110: 경기 김포 사우4지구 지엔하임 | C110: 동국타일 대구 | D110: '2028.12 | F110: DST-680 | H110: 115 | I110: 186089 | J110: 0 | K110: 0 | L110: 0 | M110: 21400235 | O110: 유상옵션 / 비KS제품(KS표기X) / 비데설치비(15천원)제외/부속,신형정심후렌지,1구앵글밸브 포함 | P110: 조동욱 | Q110: 일체형비데 | R110: 비데 | S110: 권남수
A111: LH | B111: 충남도청 신도시 RH-12BL 5공구 | C111: 직납 | D111: '2028.04 | F111: DST-1300A | H111: 3420 | I111: 122000 | J111: 0 | K111: 0 | L111: 0 | M111: 417240000 | O111: - 설치비(12,000원) 제외 | P111: 박준혁 | Q111: 분리형비데 | R111: 비데 | S111: 윤영재
A112: 중흥건설 | B112: 부산 에코델타시티 공동 4블럭 중흥S클래스 | C112: 신우세라믹 | D112: '2027.09 | F112: DST-680 | H112: 292 | I112: 190991 | J112: 0 | K112: 0 | L112: 0 | M112: 55769372 | O112: 옵션품목/앵글밸브, 설치비(15천원) 제외/리모컨, 부속, 후렌지,수로트랩 포함 | P112: 김혜림 | Q112: 일체형비데 | R112: 비데 | S112: 박기진
A113: 중흥건설 | B113: 인천 검단 신도시 AA24BL 중흥S클래스 | C113: 태욱 | D113: '2027.12 | F113: DST-680 | H113: 614 | I113: 190991 | J113: 0 | K113: 0 | L113: 0 | M113: 117268474 | O113: 옵션품목/앵글밸브, 설치비(15천원) 제외/리모컨, 부속, 후렌지,수로트랩 포함 | P113: 김혜림 | Q113: 일체형비데 | R113: 비데 | S113: 박기진
A114: GS건설 | B114: 용인 수지 자이 에디시온 | C114: 세광도기 | D114: '2028.07 | F114: DST-680A | H114: 961 | I114: 194562 | J114: 0 | K114: 0 | L114: 0 | M114: 186974082 | O114: 비데설치비(15천원), 후렌지, 앵글밸브 제외/누전차단기능 상부비데, 비KS 하부도기, 수로트랩, 세척밸브 포함 | P114: 김정완 | Q114: 일체형비데 | R114: 비데 | S114: 박기진
... A120: 롯데건설 | B120: 울산 신정동 라엘에스 | C120: 티엔씨시스템 | D120: '2027.09 | F120: DST-8000F | H120: 428 | I120: 602251 | J120: 0 | K120: 0 | L120: 0 | M120: 257763428 | O120: 설치비 제외,통수지그 제외 | P120: 백세현 | Q120: 일체형비데 | R120: 비데 | S120: 조재민
A121: KCC건설 | B121: 세종 다이소 온라인센타 | C121: 하나도기타일 | D121: '2026.08 | F121: DST1700 | H121: 86 | I121: 130000 | K121: 0 | L121: 0 | M121: 11180000 | P121: 이승현2 | Q121: 분리형비데 | R121: 비데 | S121: 조제민
A122: 파르나스호텔 | B122: 그랜드 인터컨티넨탈 서울 파르나스 호텔 | C122: 융성상사 | D122: '2026.04 | F122: DST831 | H122: 19 | I122: 320279.3 | J122: 0 | K122: 0 | L122: 0 | M122: 6085306.7 | O122: 국영문 비데리모컨 적용 (※품목명: DST-831BRHP) / 비데 설치비 제외 | P122: 김세동 | Q122: 일체형비데 | R122: 비데 | S122: 김선도
A123: (주)동원개발 | B123: 동원비스타 울산 무거동 | C123: 은문 | D123: '2028.11 | F123: DST1300R | H123: 457 | I123: 135900 | J123: 0 | K123: 0 | L123: 0 | M123: 62106300 | O123: 설치비 제외 | P123: 백성렬 | Q123: 분리형비데 | R123: 비데 | S123: 박성진
A124: (주)동원개발 | B124: 동원비스타 부산 더파크 | C124: 은문 | D124: '2028.03 | F124: DST1300R | H124: 810 | I124: 135900 | J124: 0 | K124: 0 | L124: 0 | M124: 110079000 | O124: 설치비 제외 | P124: 백성렬 | Q124: 분리형비데 | R124: 비데 | S124: 박성진
A125: 중흥건설 | B125: 남원주 역세권 A-2BL중흥S-클래스 | C125: 신우세라믹 | D125: '2027.11 | F125: DST680 | H125: 466 | I125: 190990.5 | J125: 0 | K125: 0 | L125: 0 | M125: 89001573 | O125: 옵션품목/앵글밸브, 설치비(15천원) 제외/리모컨, 부속, 후렌지,수로트랩 포함 | P125: 김혜림 | Q125: 일체형비데 | R125: 비데 | S125: 박기진
A126: 롯데건설(주) | B126: 부산 양정 롯데캐슬 프론티엘(조합물량) | C126: 티엔씨시스템 | D126: '2026.09 | F126: DST4001F | H126: 362 | I126: 394764.4 | J126: 0 | K126: 0 | L126: 0 | M126: 1.4290471e+08 | O126: 휠렌BI,수동개폐, TFC202Q플랜지 포함, 앵글밸브 제외(청소용수전 적용), 비데설치비 별도 | P126: 백세현 | Q126: 일체형비데 | R126: 비데 | S126: 한재희
A127: 요진건설산업(주) | B127: 이태원 몬드리안 서울 호텔 | C127: 직납 | D127: '2026.07 | F127: DST1700 | H127: 99 | I127: 115000 | J127: 0 | K127: 0 | L127: 0 | M127: 11385000 | O127: 설치비 제외 | P127: 김광제 | Q127: 분리형비데 | R127: 비데 | S127: 박성진
A128: KCC건설 | B128: 김포 오퍼스 한강 스위첸 | C128: 하나도기 | D128: '2028.03 | F128: DST1700 | H128: 1029 | I128: 113160 | J128: 0 | K128: 0 | L128: 0 | M128: 116441640 | O128: 설치비 제외 | P128: 이승현2 | Q128: 분리형비데 | R128: 비데 | S128: 조재민
A129: 현대리바트 | B129: 트래블로지 역삼 | C129: 레코드 | D129: '2026.05 | F129: SS-680R | H129: 11 | I129: 131948.3 | J129: 0 | K129: 0 | L129: 0 | M129: 1451431.3 | P129: 백성렬 | Q129: 일체형비데 | R129: 비데 | S129: 변상익
A130: 삼성물산(주) | B130: 래미안 엘라비네 | C130: 케이씨씨글라스 | D130: '2028.01 | F130: DST680 | H130: 263 | I130: 195735.6 | J130: 0 | K130: 0 | L130: 0 | M130: 51478463 | O130: 설치비 15,000원 별도 | P130: 금지현 | Q130: 일체형비데 | R130: 비데 | S130: 변상익
...

Sheet ※일정변경내역
E1: 3월 → X월 | F1: =SUM(F3:F7) -> 2480014746
A2: □ V1_26.03 리테일부문 현장별 납품 계획_20260305 대비 변경, 수정 내역(일정, 수량) | D2: '2026.03 | E2: 구분 | F2: 금액
E3: 위생도기 | F3: =SUMIFS($O$8:$O$476,$T$8:$T$476,E3,$D$8:$D$476,$D$2) -> 1678558095
E4: OEM | F4: =SUMIFS($O$8:$O$476,$T$8:$T$476,E4,$D$8:$D$476,$D$2) -> 178708720
E5: 상품 | F5: =SUMIFS($O$8:$O$476,$T$8:$T$476,E5,$D$8:$D$476,$D$2) -> 104511418
E6: 수전 | F6: =SUMIFS($O$8:$O$476,$T$8:$T$476,E6,$D$8:$D$476,$D$2) -> 470972937
E7: 비데 | F7: =SUMIFS($O$8:$O$476,$T$8:$T$476,E7,$D$8:$D$476,$D$2) -> 47263576 | M7: 2362000000 | N7: =SUBTOTAL(9,N9:N7607) -> 14860723403 | O7: =SUBTOTAL(9,O9:O7607) -> 11978027713 | U7: (단위 : EA,원)
A8: 건설회사 | B8: 현장명 | C8: 대리점 | D8: 기존일정 | E8: 변경일정 | F8: 품목 | G8: 색상 | H8: 기존수량 | I8: 이월수량 | J8: 대리점가 | K8: 중량(KG) | L8: 총무게(KG) | M8: 총무게(TON) | N8: 기존금액 | O8: 이월금액 | P8: 특수사양 | Q8: 비고 | R8: 담당자 | S8: 품목 | T8: 구분 | U8: SPEC담당
A9: (주)대우건설 | B9: 대우건설 영종A9 후분양 현장(자체사업,APT) | C9: 세광도기 | D9: '2026.03 | E9: '2026.04 | F9: CC740 | H9: 1694 | I9: 1694 | J9: 158600 | K9: 36 | L9: =IFERROR(K9*H9,"0") -> 60984 | M9: =IFERROR(L9/1000,"0") -> 60.984 | N9: =J9*H9 -> 268668400 | O9: =I9*J9 -> 268668400 | Q9: 부속(대소구분레버),신형정심후렌지(202VN)1EA,앵글밸브1EA포함/시트제외 | R9: 김정완 | S9: 치마형투피스 | T9: 위생도기 | U9: 김주석
A10: (주)대우건설 | B10: 대우건설 영종A9 후분양 현장(자체사업,APT) | C10: 세광도기 | D10: '2026.03 | E10: '2026.05 | F10: CL336P | H10: 1694 | I10: 1694 | J10: 12381 | K10: 0 | L10: =IFERROR(K10*H10,"0") -> 0 | M10: =IFERROR(L10/1000,"0") -> 0 | N10: =J10*H10 -> 20973414 | O10: =I10*J10 -> 20973414 | R10: 김정완 | S10: 페데스탈 | T10: 상품 | U10: 김주석
A11: (주)대우건설 | B11: 대우건설 영종A9 후분양 현장(자체사업,APT) | C11: 세광도기 | D11: '2026.03 | E11: '2026.04 | F11: CLR336W | H11: 1694 | I11: 1694 | J11: 55834 | K11: 16 | L11: =IFERROR(K11*H11,"0") -> 27104 | M11: =IFERROR(L11/1000,"0") -> 27.104 | N11: =J11*H11 -> 94582796 | O11: =I11*J11 -> 94582796 | Q11: ABS반다리적용,앙카(세면기,반다리)포함/별도폽업타공 | R11: 김정완 | S11: 벽붙이세면기 | T11: 위생도기 | U11: 김주석
A12: (주)대우건설 | B12: 대우건설 영종A9 후분양 현장(자체사업,APT) | C12: 세광도기 | D12: '2026.03 | E12: '2026.05 | F12: TSC416D | H12: 847 | I12: 847 | J12: 10065 | K12: 0 | L12: =IFERROR(K12*H12,"0") -> 0 | M12: =IFERROR(L12/1000,"0") -> 0 | N12: =J12*H12 -> 8525055 | O12: =I12*J12 -> 8525055 | R12: 김정완 | S12: 시트 | T12: 상품 | U12: 김주석
A13: 현대건설 | B13: 힐스테이트 이천역 | C13: 직납 | D13: '2026.03 | E13: '2026.04 | F13: CC740 | H13: 2090 | I13: 1090 | J13: 122068 | K13: 36.4 | L13: =IFERROR(K13*H13,"0") -> 76076 | M13: =IFERROR(L13/1000,"0") -> 76.076 | N13: =J13*H13 -> 255122120 | O13: =I13*J13 -> 133054120 | R13: 김광제 | S13: 치마형투피스 | T13: 위생도기 | U13: 박성진
A14: 대우건설 | B14: 논산푸르지오 더퍼스트 | C14: 엔와이산업 | D14: '2026.03 | E14: '2026.04 | F14: CC740 | H14: 866 | I14: 566 | J14: 152100 | K14: 36.4 | L14: =IFERROR(K14*H14,"0") -> 31522.4 | M14: =IFERROR(L14/1000,"0") -> 31.5224 | N14: =J14*H14 -> 131718600 | O14: =I14*J14 -> 86088600 | R14: 조동욱 | S14: 치마형투피스 | T14: 위생도기 | U14: 변상익
A15: 대우건설 | B15: 송내역 푸르지오 센트비엔 | C15: 세광도기 | D15: '2026.03 | E15: '2026.04 | F15: CC740 | H15: 952 | I15: 552 | J15: 146541 | K15: 36.4 | L15: =IFERROR(K15*H15,"0") -> 34652.8 | M15: =IFERROR(L15/1000,"0") -> 34.6528 | N15: =J15*H15 -> 139507032 | O15: =I15*J15 -> 80890632 | R15: 김정완 | S15: 치마형투피스 | T15: 위생도기 | U15: 박기진
A16: 호반건설 | B16: 천안 일봉공원 호반써밋 센트럴파크 2블록(막차 납품) | C16: 기흔인터내셔널 | D16: '2026.03 | E16: '2026.04 | F16: CC740 | H16: 489 | I16: 489 | J16: 156000 | K16: 36.4 | L16: =IFERROR(K16*H16,"0") -> 17799.6 | M16: =IFERROR(L16/1000,"0") -> 17.7996 | N16: =J16*H16 -> 76284000 | O16: =I16*J16 -> 76284000 | R16: 백세현 | S16: 치마형투피스 | T16: 위생도기 | U16: 최윤한
A17: (주)대우건설 | B17: 대우건설 영종A9 후분양 현장(자체사업,APT) | C17: 세광도기 | D17: '2026.04 | E17: '2026.05 | F17: CC740 | H17: 1694 | I17: 594 | J17: 158600 | K17: 36 | L17: =IFERROR(K17*H17,"0") -> 60984 | M17: =IFERROR(L17/1000,"0") -> 60.984 | N17: =J17*H17 -> 268668400 | O17: =I17*J17 -> 94208400 | Q17: 부속(대소구분레버),신형정심후렌지(202VN)1EA,앵글밸브1EA포함/시트제외 | R17: 김정완 | S17: 치마형투피스 | T17: 위생도기 | U17: 김주석
A18: 호반건설 | B18: 인천 검단신도시(AB13블럭) 호반써밋3차 | C18: 기흔인터내셔널 | D18: '2026.04 | E18: '2026.05 | F18: CC740 | H18: 469 | I18: 469 | J18: 183111 | K18: 36.4 | L18: =IFERROR(K18*H18,"0") -> 17071.6 | M18: =IFERROR(L18/1000,"0") -> 17.0716 | N18: =J18*H18 -> 85879059 | O18: =I18*J18 -> 85879059 | R18: 백세현 | S18: 치마형투피스 | T18: 위생도기 | U18: 조재민
A19: 현대건설 | B19: 힐스테이트 구미 더 퍼스트(1차 납품) | C19: 직납 | D19: '2026.05 | E19: '2026.06 | F19: CC740 | H19: 585 | I19: 585 | J19: 176321 | K19: 36.4 | L19: =IFERROR(K19*H19,"0") -> 21294 | M19: =IFERROR(L19/1000,"0") -> 21.294 | N19: =J19*H19 -> 103147785 | O19: =I19*J19 -> 103147785 | R19: 김광제 | S19: 치마형투피스 | T19: 위생도기 | U19: 박성진
A20: 현대건설 | B20: 메디알레 은평대조1구역 | C20: 직납 | D20: '2026.05 | E20: '2026.06 | F20: CC740 | H20: 869 | I20: 269 | J20: 176321 | K20: 36.4 | L20: =IFERROR(K20*H20,"0") -> 31631.6 | M20: =IFERROR(L20/1000,"0") -> 31.6316 | N20: =J20*H20 -> 153222949 | O20: =I20*J20 -> 47430349 | Q20: 시트제외 | R20: 김광제 | S20: 치마형투피스 | T20: 위생도기 | U20: 박성진
A21: 현대건설 | B21: 힐스테이트 등촌역 | C21: 직납 | D21: '2026.05 | E21: '2026.06 | F21: CC740 | H21: 1086 | I21: 486 | J21: 176321 | K21: 36.4 | L21: =IFERROR(K21*H21,"0") -> 39530.4 | M21: =IFERROR(L21/1000,"0") -> 39.5304 | N21: =J21*H21 -> 191484606 | O21: =I21*J21 -> 85692006 | Q21: 시트제외 | R21: 김광제 | S21: 치마형투피스 | T21: 위생도기 | U21: 박성진
A22: 대우건설 | B22: 평택 푸르지오 센터파인 | C22: 세광도기 | D22: '2026.05 | E22: '2026.06 | F22: CC740 | H22: 1608 | I22: 808 | J22: 146541 | K22: 36.4 | L22: =IFERROR(K22*H22,"0") -> 58531.2 | M22: =IFERROR(L22/1000,"0") -> 58.5312 | N22: =J22*H22 -> 235637928 | O22: =I22*J22 -> 118405128 | R22: 김정완 | S22: 치마형투피스 | T22: 위생도기 | U22: 박기진
A23: 대우건설 | B23: 관저 푸르지오 센트럴파크 | C23: 세광도기 | D23: '2026.05 | E23: '2026.06 | F23: CC740 | H23: 1246 | I23: 646 | J23: 146541 | K23: 36.4 | L23: =IFERROR(K23*H23,"0") -> 45354.4 | M23: =IFERROR(L23/1000,"0") -> 45.3544 | N23: =J23*H23 -> 182590086 | O23: =I23*J23 -> 94665486 | R23: 김정완 | S23: 치마형투피스 | T23: 위생도기 | U23: 박기진
A24: 현대건설 | B24: 메디알레_은평대조1구역_추가분 | C24: 직납 | D24: '2026.05 | E24: '2026.06 | F24: CC740 | H24: 330 | I24: 330 | J24: 176321 | K24: 36 | L24: =IFERROR(K24*H24,"0") -> 11880 | M24: =IFERROR(L24/1000,"0") -> 11.88 | N24: =J24*H24 -> 58185930 | O24: =I24*J24 -> 58185930 | Q24: 시트제외 | R24: 김광제 | S24: 치마형투피스 | T24: 위생도기 | U24: 박성진
A25: 현대건설 | B25: 힐스테이트 마포더퍼스트 | C25: 직납 | D25: '2026.03 | E25: '2026.04 | F25: CC740 | H25: 522 | I25: 522 | J25: 176321 | K25: 36.4 | L25: =IFERROR(K25*H25,"0") -> 19000.8 | M25: =IFERROR(L25/1000,"0") -> 19.0008 | N25: =J25*H25 -> 92039562 | O25: =I25*J25 -> 92039562 | R25: 김광제 | S25: 치마형투피스 | T25: 위생도기 | U25: 박성진
A26: 대우건설 | B26: 논산푸르지오 더퍼스트(1차 납품) | C26: 엔와이산업 | D26: '2026.03 | E26: '2026.04 | F26: CC740 | H26: 300 | I26: 300 | J26: 152100 | K26: 36.4 | L26: =IFERROR(K26*H26,"0") -> 10920 | M26: =IFERROR(L26/1000,"0") -> 10.92 | N26: =J26*H26 -> 45630000 | O26: =I26*J26 -> 45630000 | R26: 조동욱 | S26: 치마형투피스 | T26: 위생도기 | U26: 변상익
A27: 극동건설 | B27: SH 마곡 지식산업센터 현장_20250916 | C27: 세일도기 | D27: '2026.03 | E27: '2026.04 | F27: CC740 | H27: 245 | I27: 245 | J27: 184737 | K27: 36 | L27: =IFERROR(K27*H27,"0") -> 8820 | M27: =IFERROR(L27/1000,"0") -> 8.82 | N27: =J27*H27 -> 45260565 | O27: =I27*J27 -> 45260565 | Q27: 시트, 양부속 포함 | R27: 금지현 | S27: 치마형투피스 | T27: 위생도기 | U27: 박성진
A28: 호반건설 | B28: 경북 위파크 안동 | C28: 기흔인터내셔널 | D28: '2026.04 | E28: '2026.05 | F28: CC740 | H28: 200 | I28: 200 | J28: 155717 | K28: 36.4 | L28: =IFERROR(K28*H28,"0") -> 7280 | M28: =IFERROR(L28/1000,"0") -> 7.28 | N28: =J28*H28 -> 31143400 | O28: =I28*J28 -> 31143400 | R28: 백세현 | S28: 투피스 | T28: 위생도기 | U28: 조재민
A29: 대우건설 | B29: 논산푸르지오 더퍼스트(막차 납품) | C29: 엔와이산업 | D29: '2026.04 | E29: '2026.05 | F29: CC740 | H29: 466 | I29: 466 | J29: 152100 | K29: 36.4 | L29: =IFERROR(K29*H29,"0") -> 16962.4 | M29: =IFERROR(L29/1000,"0") -> 16.9624 | N29: =J29*H29 -> 70878600 | O29: =I29*J29 -> 70878600 | R29: 조동욱 | S29: 치마형투피스 | T29: 위생도기 | U29: 변상익
A30: (주)대우건설 | B30: 대우건설 영종A9 후분양 현장(자체사업,APT)(1차 납품) | C30: 세광도기 | D30: '2026.04 | E30: '2026.05 | F30: CC740 | H30: 1100 | I30: 300 | J30: 158600 | K30: 36 | L30: =IFERROR(K30*H30,"0") -> 39600 | M30: =IFERROR(L30/1000,"0") -> 39.6 | N30: =J30*H30 -> 174460000 | O30: =I30*J30 -> 47580000 | Q30: 부속(대소구분레버),신형정심후렌지(202VN)1EA,앵글밸브1EA포함/시트제외 | R30: 김정완 | S30: 치마형투피스 | T30: 위생도기 | U30: 김주석
A31: 대우건설 | B31: 평택 푸르지오 센터파인(1차 납품) | C31: 세광도기 | D31: '2026.05 | E31: '2026.06 | F31: CC740 | H31: 800 | I31: 800 | J31: 146541 | K31: 36.4 | L31: =IFERROR(K31*H31,"0") -> 29120 | M31: =IFERROR(L31/1000,"0") -> 29.12 | N31: =J31*H31 -> 117232800 | O31: =I31*J31 -> 117232800 | R31: 김정완 | S31: 치마형투피스 | T31: 위생도기 | U31: 박기진
A32: 대우건설 | B32: 평택 푸르지오 센터파인(막차 납품) | C32: 세광도기 | D32: '2026.06 | E32: '2026.07 | F32: CC740 | H32: 808 | I32: 808 | J32: 146541 | K32: 36.4 | L32: =IFERROR(K32*H32,"0") -> 29411.2 | M32: =IFERROR(L32/1000,"0") -> 29.4112 | N32: =J32*H32 -> 118405128 | O32: =I32*J32 -> 118405128 | R32: 김정완 | S32: 치마형투피스 | T32: 위생도기 | U32: 박기진
A33: 코오롱건설 | B33: 권선6구역 래미안 매교역 팰루시드(1차 납품) | C33: 홈센타홀딩스 | D33: '2026.03 | E33: '2026.04 | F33: CLR358 | H33: 600 | I33: 405 | J33: 90400 | K33: 21 | L33: =IFERROR(K33*H33,"0") -> 12600 | M33: =IFERROR(L33/1000,"0") -> 12.6 | N33: =J33*H33 -> 54240000 | O33: =I33*J33 -> 36612000 | R33: 조동욱 | S33: 일체형세면기 | T33: 위생도기 | U33: 박기진
A34: 코오롱건설 | B34: 권선6구역 래미안 매교역 팰루시드(막차 납품) | C34: 홈센타홀딩스 | D34: '2026.04 | E34: '2026.04 | F34: CC660NLT | H34: 423 | I34: 391 | J34: 158000 | K34: 27 | L34: =IFERROR(K34*H34,"0") -> 11421 | M34: =IFERROR(L34/1000,"0") -> 11.421 | N34: =J34*H34 -> 66834000 | O34: =I34*J34 -> 61778000 | R34: 조동욱 | S34: 일체형양변기 | T34: 위생도기 | U34: 박기진
A35: 코오롱건설 | B35: 권선6구역 래미안 매교역 팰루시드(막차 납품) | C35: 홈센타홀딩스 | D35: '2026.04 | E35: '2026.04 | F35: CC750 | H35: 235 | I35: 195 | J35: 140980 | K35: 20 | L35: =IFERROR(K35*H35,"0") -> 4700 | M35: =IFERROR(L35/1000,"0") -> 4.7 | N35: =J35*H35 -> 33130300 | O35: =I35*J35 -> 27491100 | R35: 조동욱 | S35: 투피스 | T35: 위생도기 | U35: 박기진
A36: 삼성물산 | B36: 권선6구역 래미안 매교역 팰루시드(막차 납품) | C36: 케이씨씨글라스 | D36: '2026.03 | E36: '2026.04 | F36: CC660NLT | H36: 554 | I36: 426 | J36: 157944 | K36: 27 | L36: =IFERROR(K36*H36,"0") -> 14958 | M36: =IFERROR(L36/1000,"0") -> 14.958 | N36: =J36*H36 -> 87500976 | O36: =I36*J36 -> 67284144 | R36: 금지현 | S36: 일체형양변기 | T36: 위생도기 | U36: 조재민
A37: 삼성물산 | B37: 권선6구역 래미안 매교역 팰루시드(막차 납품) | C37: 케이씨씨글라스 | D37: '2026.03 | E37: '2026.04 | F37: CC750 | H37: 344 | I37: 304 | J37: 130011 | K37: 20 | L37: =IFERROR(K37*H37,"0") -> 6880 | M37: =IFERROR(L37/1000,"0") -> 6.88 | N37: =J37*H37 -> 44723784 | O37: =I37*J37 -> 39523344 | R37: 금지현 | S37: 투피스 | T37: 위생도기 | U37: 조재민
A38: 현대건설 | B38: 힐스테이트 마포더퍼스트 | C38: 직납 | D38: '2026.03 | E38: '2026.04 | F38: CL350D | H38: 1022 | I38: 522 | J38: 76279 | K38: 20 | L38: =IFERROR(K38*H38,"0") -> 20440 | M38: =IFERROR(L38/1000,"0") -> 20.44 | N38: =J38*H38 -> 77957138 | O38: =I38*J38 -> 39817638 | R38: 김광제 | S38: 일체형세면기 | T38: 위생도기 | U38: 박성진
A39: 리노공업 | B39: 부산 에코델타시티 일반산업단지 공장 신축공사 현장_비주거 | C39: 지얼세라믹 | D39: '2026.04 | E39: '2026.06 | F39: DL-L8210 | H39: 161 | I39: 157 | J39: 101503 | K39: 0 | L39: =IFERROR(K39*H39,"0") -> 0 | M39: =IFERROR(L39/1000,"0") -> 0 | N39: =J39*H39 -> 16341983 | O39: =I39*J39 -> 15935971 | R39: 김세동 | S39: 세면수전 | T39: 수전 | U39: 윤영재
A40: 리노공업 | B40: 부산 에코델타시티 일반산업단지 공장 신축공사 현장_비주거 | C40: 지얼세라믹 | D40: '2026.04 | E40: '2026.06 | F40: CL855 | H40: 156 | I40: 152 | J40: 55000 | K40: 17 | L40: =IFERROR(K40*H40,"0") -> 2652 | M40: =IFERROR(L40/1000,"0") -> 2.652 | N40: =J40*H40 -> 8580000 | O40: =I40*J40 -> 8360000 | R40: 김세동 | S40: 탑볼 | T40: OEM | U40: 윤영재
A41: 리노공업 | B41: 부산 에코델타시티 일반산업단지 공장 신축공사 현장_비주거 | C41: 지얼세라믹 | D41: '2026.03 | E41: '2026.06 | F41: CU730 | H41: 147 | I41: 142 | J41: 127560 | K41: 20.8 | L41: =IFERROR(K41*H41,"0") -> 3057.6 | M41: =IFERROR(L41/1000,"0") -> 3.0576 | N41: =J41*H41 -> 18751320 | O41: =I41*J41 -> 18113520 | R41: 김세동 | S41: 소변기 | T41: 위생도기 | U41: 윤영재
A42: LH | B42: 파주운정3 A-20BL 13공구(준공2 26년 12월) | C42: 세일도기 | D42: '2027.03 | E42: '2026.09 | F42: CC768N | H42: 618 | I42: 612 | J42: 101383 | K42: 31.9 | L42: =IFERROR(K42*H42,"0") -> 19714.2 | M42: =IFERROR(L42/1000,"0") -> 19.7142 | N42: =J42*H42 -> 62654694 | O42: =I42*J42 -> 62046396 | R42: 금지현 | S42: 투피스 | T42: 위생도기 | U42: 박기진
... A58: 한일개발 | B58: 단양 한일시멘트 직원 숙소 리모델링 | C58: 홍세라믹 | D58: '2026.05 | E58: '2026.06 | F58: BFB-521 | H58: 197 | I58: 173 | J58: 102980 | K58: 0 | L58: =IFERROR(K58*H58,"0") -> 0 | M58: =IFERROR(L58/1000,"0") -> 0 | N58: =J58*H58 -> 20287060 | O58: =I58*J58 -> 17815540 | R58: 이해규 | S58: 바트라 | T58: 수전 | U58: 조재민
A59: 한일개발 | B59: 단양 한일시멘트 직원 숙소 리모델링 | C59: 홍세라믹 | D59: '2026.05 | E59: '2026.06 | F59: DL-G4543 | H59: 162 | I59: 138 | J59: 7200 | K59: 0 | L59: =IFERROR(K59*H59,"0") -> 0 | M59: =IFERROR(L59/1000,"0") -> 0 | N59: =J59*H59 -> 1166400 | O59: =I59*J59 -> 993600 | Q59: - 냉,온 | R59: 이해규 | S59: 기타수전 | T59: 수전 | U59: 조재민
A60: 한일개발 | B60: 단양 한일시멘트 직원 숙소 리모델링 | C60: 홍세라믹 | D60: '2026.05 | E60: '2026.06 | F60: DL-G4543 | H60: 162 | I60: 138 | J60: 7200 | K60: 0 | L60: =IFERROR(K60*H60,"0") -> 0 | M60: =IFERROR(L60/1000,"0") -> 0 | N60: =J60*H60 -> 1166400 | O60: =I60*J60 -> 993600 | Q60: - 냉,온 | R60: 이해규 | S60: 기타수전 | T60: 수전 | U60: 조재민
A61: 서한건설 | B61: 평택 고덕 A-47BL | C61: (주)에이치씨홈센타 | D61: '2026.03 | E61: '2026.04 | F61: DL-P4234 | H61: 510 | I61: 20 | J61: 750 | K61: 0 | L61: =IFERROR(K61*H61,"0") -> 0 | M61: =IFERROR(L61/1000,"0") -> 0 | N61: =J61*H61 -> 382500 | O61: =I61*J61 -> 15000 | R61: 조동욱 | S61: 악세사리 | T61: 수전 | U61: 박기진
A62: (주)대우건설 | B62: 대우건설 영종A9 후분양 현장(자체사업,APT) | C62: 세광도기 | D62: '2026.04 | E62: '2026.04 | F62: CLR336W | H62: 1694 | I62: 854 | J62: 55834 | K62: 16 | L62: =IFERROR(K62*H62,"0") -> 27104 | M62: =IFERROR(L62/1000,"0") -> 27.104 | N62: =J62*H62 -> 94582796 | O62: =I62*J62 -> 47682236 | Q62: ABS반다리적용,앙카(세면기,반다리)포함/별도폽업타공 | R62: 김정완 | S62: 벽붙이세면기 | T62: 위생도기 | U62: 김주석
A63: 아주건설 | B63: 제주 아주 더 하이클래스 현장 | C63: 케이에스비시스템 | D63: '2026.04 | E63: '2026.04 | F63: DST-680N | H63: 162 | I63: 20 | J63: 179695 | K63: 9.4 | L63: =IFERROR(K63*H63,"0") -> 1522.8 | M63: =IFERROR(L63/1000,"0") -> 1.5228 | N63: =J63*H63 -> 29110590 | O63: =I63*J63 -> 3593900 | R63: 권순호 | S63: 일체형비데 | T63: 비데 | U63: 윤영재
A64: 정도설비 | B64: 밀양 풀빌라 현장 | C64: 시내울산업 | D64: '2026.03 | E64: '2026.04 | F64: CC214 | H64: 70 | I64: 64 | J64: 208076 | L64: =IFERROR(K64*H64,"0") -> 0 | M64: =IFERROR(L64/1000,"0") -> 0 | N64: =J64*H64 -> 14565320 | O64: =I64*J64 -> 13316864 | R64: 금지현 | S64: 원피스 | T64: 위생도기
A65: 정도설비 | B65: 밀양 풀빌라 현장 | C65: 시내울산업 | D65: '2026.03 | E65: '2026.04 | F65: CC116 | H65: 80 | I65: 60 | J65: 110465 | L65: =IFERROR(K65*H65,"0") -> 0 | M65: =IFERROR(L65/1000,"0") -> 0 | N65: =J65*H65 -> 8837200 | O65: =I65*J65 -> 6627900 | R65: 금지현 | S65: F/V양변기 | T65: OEM
A66: 정도설비 | B66: 밀양 풀빌라 현장 | C66: 시내울산업 | D66: '2026.03 | E66: '2026.04 | F66: CL605 | H66: 60 | I66: 20 | J66: 73892 | L66: =IFERROR(K66*H66,"0") -> 0 | M66: =IFERROR(L66/1000,"0") -> 0 | N66: =J66*H66 -> 4433520 | O66: =I66*J66 -> 1477840 | R66: 금지현 | S66: 언더카운터 | T66: 위생도기
A67: 코오롱건설 | B67: 권선6구역 래미안 매교역 팰루시드(1차 납품) | C67: 홈센타홀딩스 | D67: '2026.03 | E67: '2026.06 | F67: TSC416D | H67: 200 | I67: 200 | J67: 11500 | K67: 0 | L67: =IFERROR(K67*H67,"0") -> 0 | M67: =IFERROR(L67/1000,"0") -> 0 | N67: =J67*H67 -> 2300000 | O67: =I67*J67 -> 2300000 | R67: 조동욱 | S67: 시트 | T67: 상품 | U67: 박기진
A68: 코오롱건설 | B68: 권선6구역 래미안 매교역 팰루시드(막차 납품) | C68: 홈센타홀딩스 | D68: '2026.04 | E68: '2026.06 | F68: TSC416D | H68: 235 | I68: 235 | J68: 11500 | K68: 0 | L68: =IFERROR(K68*H68,"0") -> 0 | M68: =IFERROR(L68/1000,"0") -> 0 | N68: =J68*H68 -> 2702500 | O68: =I68*J68 -> 2702500 | R68: 조동욱 | S68: 시트 | T68: 상품 | U68: 박기진
A69: 삼성물산 | B69: 권선6구역 래미안 매교역 팰루시드(1차 납품) | C69: 케이씨씨글라스 | D69: '2026.03 | E69: '2026.04 | F69: TSC416D | H69: 200 | I69: 200 | J69: 11649 | K69: 0 | L69: =IFERROR(K69*H69,"0") -> 0 | M69: =IFERROR(L69/1000,"0") -> 0 | N69: =J69*H69 -> 2329800 | O69: =I69*J69 -> 2329800 | R69: 금지현 | S69: 시트 | T69: 상품 | U69: 조재민
A70: 삼성물산 | B70: 권선6구역 래미안 매교역 팰루시드(막차 납품) | C70: 케이씨씨글라스 | D70: '2026.03 | E70: '2026.04 | F70: TSC416D | H70: 344 | I70: 344 | J70: 11649 | K70: 0 | L70: =IFERROR(K70*H70,"0") -> 0 | M70: =IFERROR(L70/1000,"0") -> 0 | N70: =J70*H70 -> 4007256 | O70: =I70*J70 -> 4007256 | R70: 금지현 | S70: 시트 | T70: 상품 | U70: 조재민
A71: 신원종합개발 | B71: 안양동 오피스텔 신축공사 현장_비주거 | C71: 다원리미티드 | D71: '2026.03 | E71: '2026.04 | F71: CL336P | H71: 153 | I71: 153 | J71: 12122 | K71: 0 | L71: =IFERROR(K71*H71,"0") -> 0 | M71: =IFERROR(L71/1000,"0") -> 0 | N71: =J71*H71 -> 1854666 | O71: =I71*J71 -> 1854666 | R71: 금지현 | S71: 페데스탈 | T71: 상품 | U71: 윤영재
A72: 신원종합개발 | B72: 안양동 오피스텔 신축공사 현장_비주거 | C72: 다원리미티드 | D72: '2026.03 | E72: '2026.04 | F72: DL-L2710 | H72: 153 | I72: 153 | J72: 34281 | K72: 0 | L72: =IFERROR(K72*H72,"0") -> 0 | M72: =IFERROR(L72/1000,"0") -> 0 | N72: =J72*H72 -> 5244993 | O72: =I72*J72 -> 5244993 | R72: 금지현 | S72: 세면수전 | T72: 수전 | U72: 윤영재
A73: 신원종합개발 | B73: 안양동 오피스텔 신축공사 현장_비주거 | C73: 다원리미티드 | D73: '2026.03 | E73: '2026.04 | F73: DL-P4020 | H73: 153 | I73: 153 | J73: 9667 | K73: 0 | L73: =IFERROR(K73*H73,"0") -> 0 | M73: =IFERROR(L73/1000,"0") -> 0 | N73: =J73*H73 -> 1479051 | O73: =I73*J73 -> 1479051 | R73: 금지현 | S73: 기타수전 | T73: 수전 | U73: 윤영재
A74: 신원종합개발 | B74: 안양동 오피스텔 신축공사 현장_비주거 | C74: 다원리미티드 | D74: '2026.03 | E74: '2026.04 | F74: DL-P4031 | H74: 153 | I74: 153 | J74: 7608 | K74: 0 | L74: =IFERROR(K74*H74,"0") -> 0 | M74: =IFERROR(L74/1000,"0") -> 0 | N74: =J74*H74 -> 1164024 | O74: =I74*J74 -> 1164024 | R74: 금지현 | S74: 기타수전 | T74: 수전 | U74: 윤영재
A75: 신원종합개발 | B75: 안양동 오피스텔 신축공사 현장_비주거 | C75: 다원리미티드 | D75: '2026.03 | E75: '2026.04 | F75: DL-A9076 | H75: 153 | I75: 153 | J75: 29000 | K75: 0 | L75: =IFERROR(K75*H75,"0") -> 0 | M75: =IFERROR(L75/1000,"0") -> 0 | N75: =J75*H75 -> 4437000 | O75: =I75*J75 -> 4437000 | R75: 금지현 | S75: 액세서리 | T75: 수전 | U75: 윤영재
A76: 신원종합개발 | B76: 안양동 오피스텔 신축공사 현장_비주거 | C76: 다원리미티드 | D76: '2026.03 | E76: '2026.04 | F76: DL-B2713 | H76: 99 | I76: 99 | J76: 51299 | K76: 0 | L76: =IFERROR(K76*H76,"0") -> 0 | M76: =IFERROR(L76/1000,"0") -> 0 | N76: =J76*H76 -> 5078601 | O76: =I76*J76 -> 5078601 | R76: 금지현 | S76: 욕조수전 | T76: 수전 | U76: 윤영재
A77: 신원종합개발 | B77: 안양동 오피스텔 신축공사 현장_비주거 | C77: 다원리미티드 | D77: '2026.03 | E77: '2026.04 | F77: DL-P4931 | H77: 54 | I77: 54 | J77: 12261 | K77: 0 | L77: =IFERROR(K77*H77,"0") -> 0 | M77: =IFERROR(L77/1000,"0") -> 0 | N77: =J77*H77 -> 662094 | O77: =I77*J77 -> 662094 | R77: 금지현 | S77: 기타수전 | T77: 수전 | U77: 윤영재
A78: 신원종합개발 | B78: 안양동 오피스텔 신축공사 현장_비주거 | C78: 다원리미티드 | D78: '2026.03 | E78: '2026.04 | F78: DL-B6310 | H78: 54 | I78: 54 | J78: 81739 | K78: 0 | L78: =IFERROR(K78*H78,"0") -> 0 | M78: =IFERROR(L78/1000,"0") -> 0 | N78: =J78*H78 -> 4413906 | O78: =I78*J78 -> 4413906 | R78: 금지현 | S78: 레인샤워 | T78: 수전 | U78: 윤영재
A79: 다원앤컴퍼니 | B79: 강원도 정선 하이원리조트 그랜드호텔, 마운틴콘도 리모델링 | C79: 시내울산업 | D79: '2026.12 | E79: '2027.01 | F79: CC830 | H79: 443 | I79: 443 | J79: 242005 | K79: 34.2 | L79: =IFERROR(K79*H79,"0") -> 15150.6 | M79: =IFERROR(L79/1000,"0") -> 15.1506 | N79: =J79*H79 -> 107208215 | O79: =I79*J79 -> 107208215 | Q79: 설치비 제외 | R79: 금지현 | S79: 일체형양변기 | T79: 위생도기 | U79: 변상익
A80: 다원앤컴퍼니 | B80: 강원도 정선 하이원리조트 그랜드호텔, 마운틴콘도 리모델링 | C80: 시내울산업 | D80: '2026.12 | E80: '2027.01 | F80: DL-P4010 | H80: 1085 | I80: 1085 | J80: 2281 | K80: 0 | L80: =IFERROR(K80*H80,"0") -> 0 | M80: =IFERROR(L80/1000,"0") -> 0 | N80: =J80*H80 -> 2474885 | O80: =I80*J80 -> 2474885 | Q80: 설치비 제외 | R80: 금지현 | S80: 기타수전 | T80: 수전 | U80: 변상익
A81: 다원앤컴퍼니 | B81: 강원도 정선 하이원리조트 그랜드호텔, 마운틴콘도 리모델링 | C81: 시내울산업 | D81: '2026.12 | E81: '2027.01 | F81: CC550 | H81: 48 | I81: 48 | J81: 196675 | K81: 26.2 | L81: =IFERROR(K81*H81,"0") -> 1257.6 | M81: =IFERROR(L81/1000,"0") -> 1.2576 | N81: =J81*H81 -> 9440400 | O81: =I81*J81 -> 9440400 | Q81: 설치비 제외 | R81: 금지현 | S81: 일체형양변기 | T81: 위생도기 | U81: 변상익
A82: 다원앤컴퍼니 | B82: 강원도 정선 하이원리조트 그랜드호텔, 마운틴콘도 리모델링 | C82: 시내울산업 | D82: '2026.12 | E82: '2027.01 | F82: CC670EKT | H82: 32 | I82: 32 | J82: 173412 | K82: 29.3 | L82: =IFERROR(K82*H82,"0") -> 937.6 | M82: =IFERROR(L82/1000,"0") -> 0.9376 | N82: =J82*H82 -> 5549184 | O82: =I82*J82 -> 5549184 | Q82: 설치비 제외 | R82: 금지현 | S82: 일체형양변기 | T82: 위생도기 | U82: 변상익
A83: 다원앤컴퍼니 | B83: 강원도 정선 하이원리조트 그랜드호텔, 마운틴콘도 리모델링 | C83: 시내울산업 | D83: '2026.12 | E83: '2027.01 | F83: CC260 | H83: 562 | I83: 562 | J83: 224490 | K83: 42.3 | L83: =IFERROR(K83*H83,"0") -> 23772.6 | M83: =IFERROR(L83/1000,"0") -> 23.7726 | N83: =J83*H83 -> 126163380 | O83: =I83*J83 -> 126163380 | R83: 금지현 | S83: 원피스 | T83: 위생도기 | U83: 변상익
A84: 다원앤컴퍼니 | B84: 강원도 정선 하이원리조트 그랜드호텔, 마운틴콘도 리모델링 | C84: 시내울산업 | D84: '2026.12 | E84: '2027.01 | F84: DL-P4010 | H84: 562 | I84: 562 | J84: 3233 | K84: 0 | L84: =IFERROR(K84*H84,"0") -> 0 | M84: =IFERROR(L84/1000,"0") -> 0 | N84: =J84*H84 -> 1816946 | O84: =I84*J84 -> 1816946 | R84: 금지현 | S84: 기타수전 | T84: 수전 | U84: 변상익
A85: 다원앤컴퍼니 | B85: 강원도 정선 하이원리조트 그랜드호텔, 마운틴콘도 리모델링 | C85: 시내울산업 | D85: '2026.12 | E85: '2027.01 | F85: CL310 | H85: 446 | I85: 446 | J85: 55940 | K85: 16 | L85: =IFERROR(K85*H85,"0") -> 7136 | M85: =IFERROR(L85/1000,"0") -> 7.136 | N85: =J85*H85 -> 24949240 | O85: =I85*J85 -> 24949240 | Q85: 타월바 15,000원 별도 | R85: 금지현 | S85: 평면붙임세면기 | T85: OEM | U85: 변상익
A86: 다원앤컴퍼니 | B86: 강원도 정선 하이원리조트 그랜드호텔, 마운틴콘도 리모델링 | C86: 시내울산업 | D86: '2026.12 | E86: '2027.01 | F86: CL340N | H86: 60 | I86: 60 | J86: 86400 | K86: 19 | L86: =IFERROR(K86*H86,"0") -> 1140 | M86: =IFERROR(L86/1000,"0") -> 1.14 | N86: =J86*H86 -> 5184000 | O86: =I86*J86 -> 5184000 | Q86: CL-340N 적용(비누대 없는 사양) | R86: 금지현 | S86: 세미탑볼 | T86: 위생도기 | U86: 변상익
A87: 다원앤컴퍼니 | B87: 강원도 정선 하이원리조트 그랜드호텔, 마운틴콘도 리모델링 | C87: 시내울산업 | D87: '2026.12 | E87: '2027.01 | F87: CL610F | H87: 75 | I87: 75 | J87: 87379 | K87: 10.5 | L87: =IFERROR(K87*H87,"0") -> 787.5 | M87: =IFERROR(L87/1000,"0") -> 0.7875 | N87: =J87*H87 -> 6553425 | O87: =I87*J87 -> 6553425 | R87: 금지현 | S87: 언더카운터 | T87: 위생도기 | U87: 변상익
A88: 다원앤컴퍼니 | B88: 강원도 정선 하이원리조트 그랜드호텔, 마운틴콘도 리모델링 | C88: 시내울산업 | D88: '2026.12 | E88: '2027.01 | F88: CC116 | H88: 7 | I88: 7 | J88: 121858 | K88: 40 | L88: =IFERROR(K88*H88,"0") -> 280 | M88: =IFERROR(L88/1000,"0") -> 0.28 | N88: =J88*H88 -> 853006 | O88: =I88*J88 -> 853006 | R88: 금지현 | S88: F/V양변기 | T88: OEM | U88: 변상익
A89: 다원앤컴퍼니 | B89: 강원도 정선 하이원리조트 그랜드호텔, 마운틴콘도 리모델링 | C89: 시내울산업 | D89: '2026.12 | E89: '2027.01 | F89: CU600P | H89: 15 | I89: 15 | J89: 231954 | K89: 39 | L89: =IFERROR(K89*H89,"0") -> 585 | M89: =IFERROR(L89/1000,"0") -> 0.585 | N89: =J89*H89 -> 3479310 | O89: =I89*J89 -> 3479310 | R89: 금지현 | S89: 소변기 | T89: 위생도기 | U89: 변상익
A90: 다원앤컴퍼니 | B90: 강원도 정선 하이원리조트 그랜드호텔, 마운틴콘도 리모델링 | C90: 시내울산업 | D90: '2026.12 | E90: '2027.01 | F90: DL-L8010 | H90: 7 | I90: 7 | J90: 105294 | K90: 0 | L90: =IFERROR(K90*H90,"0") -> 0 | M90: =IFERROR(L90/1000,"0") -> 0 | N90: =J90*H90 -> 737058 | O90: =I90*J90 -> 737058 | R90: 금지현 | S90: 세면수전 | T90: 수전 | U90: 변상익
A91: 다원앤컴퍼니 | B91: 강원도 정선 하이원리조트 그랜드호텔, 마운틴콘도 리모델링 | C91: 시내울산업 | D91: '2026.12 | E91: '2027.01 | F91: DL-P4050 | H91: 32 | I91: 32 | J91: 99000 | K91: 0 | L91: =IFERROR(K91*H91,"0") -> 0 | M91: =IFERROR(L91/1000,"0") -> 0 | N91: =J91*H91 -> 3168000 | O91: =I91*J91 -> 3168000 | R91: 금지현 | S91: 기타수전 | T91: 수전 | U91: 변상익
A92: 다원앤컴퍼니 | B92: 강원도 정선 하이원리조트 그랜드호텔, 마운틴콘도 리모델링 | C92: 시내울산업 | D92: '2026.12 | E92: '2027.01 | F92: DL-P4052 | H92: 32 | I92: 32 | J92: 77400 | K92: 0 | L92: =IFERROR(K92*H92,"0") -> 0 | M92: =IFERROR(L92/1000,"0") -> 0 | N92: =J92*H92 -> 2476800 | O92: =I92*J92 -> 2476800 | R92: 금지현 | S92: 기타수전 | T92: 수전 | U92: 변상익
A93: (주)태영건설 | B93: 태영건설(GH:경기주택도시공사)화성 동탄2 A78 자연앤데시앙 현장(공공분양, APT)_기 | C93: 진영도기 | D93: '2027.12 | E93: '2028.04 | F93: DL-S4195 | H93: 1170 | I93: 1170 | J93: 5935 | K93: 0 | L93: =IFERROR(K93*H93,"0") -> 0 | M93: =IFERROR(L93/1000,"0") -> 0 | N93: =J93*H93 -> 6943950 | O93: =I93*J93 -> 6943950 | Q93: 연간단가/냉수,커플러,메탈호스(1.5m),행거(크롬),스프레이건(DL-S4195)포함 | R93: 금지현 | S93: 기타수전 | T93: 수전 | U93: 박기진
A94: 현대엔지니어링 | B94: 힐스테이트 광주 중외공원 2BL,3BL | C94: 직납 | D94: '2026.05 | E94: '2026.06 | F94: CLL758D | H94: 1244 | I94: 1244 | J94: 61049 | K94: 13.3 | L94: =IFERROR(K94*H94,"0") -> 16545.2 | M94: =IFERROR(L94/1000,"0") -> 16.5452 | N94: =J94*H94 -> 75944956 | O94: =I94*J94 -> 75944956 | R94: 김광제 | S94: 벽붙이세면기 | T94: 위생도기 | U94: 박성진
A95: 현대엔지니어링 | B95: 힐스테이트 광주 중외공원 2BL,3BL | C95: 직납 | D95: '2026.05 | E95: '2026.06 | F95: CC670EKT | H95: 420 | I95: 420 | J95: 187793 | K95: 29.3 | L95: =IFERROR(K95*H95,"0") -> 12306 | M95: =IFERROR(L95/1000,"0") -> 12.306 | N95: =J95*H95 -> 78873060 | O95: =I95*J95 -> 78873060 | R95: 김광제 | S95: 일체형양변기 | T95: 위생도기 | U95: 박성진
A96: 현대엔지니어링 | B96: 힐스테이트 광주 중외공원 2BL,3BL | C96: 직납 | D96: '2026.05 | E96: '2026.06 | F96: CLR341 | H96: 1244 | I96: 1244 | J96: 87000 | K96: 18 | L96: =IFERROR(K96*H96,"0") -> 22392 | M96: =IFERROR(L96/1000,"0") -> 22.392 | N96: =J96*H96 -> 108228000 | O96: =I96*J96 -> 108228000 | R96: 김광제 | S96: 세미탑볼 | T96: 위생도기 | U96: 박성진
A97: 현대엔지니어링 | B97: 힐스테이트 광주 중외공원 2BL,3BL | C97: 직납 | D97: '2026.05 | E97: '2026.06 | F97: CC768N | H97: 2068 | I97: 2068 | J97: 150398 | K97: 31.9 | L97: =IFERROR(K97*H97,"0") -> 65969.2 | M97: =IFERROR(L97/1000,"0") -> 65.9692 | N97: =J97*H97 -> 311023064 | O97: =I97*J97 -> 311023064 | R97: 김광제 | S97: 투피스 | T97: 위생도기 | U97: 박성진
A98: 현대건설 | B98: 메디알레 은평대조1구역 | C98: 직납 | D98: '2026.05 | E98: '2026.04 | F98: DL-P4010 | H98: 869 | I98: 869 | J98: 3255 | K98: 0 | L98: =IFERROR(K98*H98,"0") -> 0 | M98: =IFERROR(L98/1000,"0") -> 0 | N98: =J98*H98 -> 2828595 | O98: =I98*J98 -> 2828595 | Q98: 시트제외 | R98: 김광제 | S98: 기타수전 | T98: 수전 | U98: 박성진
A99: - | B99: 증산도 상생 역사 문화 교육원(막차 납품) | C99: 한솔위생도기 | D99: '2026.04 | E99: '2026.05 | F99: CC420P | H99: 530 | I99: 530 | J99: 225000 | K99: 29.1 | L99: =IFERROR(K99*H99,"0") -> 15423 | M99: =IFERROR(L99/1000,"0") -> 15.423 | N99: =J99*H99 -> 119250000 | O99: =I99*J99 -> 119250000 | R99: 김세동 | S99: 벽걸이양변기 | T99: 위생도기
A100: 리노공업 | B100: 부산 에코델타시티 일반산업단지 공장 신축공사 현장_비주거 | C100: 지얼세라믹 | D100: '2026.04 | E100: '2026.06 | F100: DL-P4010 | H100: 361 | I100: 361 | J100: 2592 | K100: 0 | L100: =IFERROR(K100*H100,"0") -> 0 | M100: =IFERROR(L100/1000,"0") -> 0 | N100: =J100*H100 -> 935712 | O100: =I100*J100 -> 935712 | R100: 김세동 | S100: 기타수전 | T100: 수전 | U100: 윤영재
A101: 리노공업 | B101: 부산 에코델타시티 일반산업단지 공장 신축공사 현장_비주거 | C101: 지얼세라믹 | D101: '2026.04 | E101: '2026.06 | F101: CC114HD | H101: 2 | I101: 2 | J101: 54000 | K101: 19 | L101: =IFERROR(K101*H101,"0") -> 38 | M101: =IFERROR(L101/1000,"0") -> 0.038 | N101: =J101*H101 -> 108000 | O101: =I101*J101 -> 108000 | R101: 김세동 | S101: F/V양변기 | T101: OEM | U101: 윤영재
A102: 리노공업 | B102: 부산 에코델타시티 일반산업단지 공장 신축공사 현장_비주거 | C102: 지얼세라믹 | D102: '2026.04 | E102: '2026.06 | F102: TFT301G | H102: 2 | I102: 2 | J102: 45000 | K102: 0 | L102: =IFERROR(K102*H102,"0") -> 0 | M102: =IFERROR(L102/1000,"0") -> 0 | N102: =J102*H102 -> 90000 | O102: =I102*J102 -> 90000 | R102: 김세동 | S102: 기타수전 | T102: 수전 | U102: 윤영재
A103: 리노공업 | B103: 부산 에코델타시티 일반산업단지 공장 신축공사 현장_비주거 | C103: 지얼세라믹 | D103: '2026.04 | E103: '2026.06 | F103: DL-P4010 | H103: 161 | I103: 161 | J103: 3222 | K103: 0 | L103: =IFERROR(K103*H103,"0") -> 0 | M103: =IFERROR(L103/1000,"0") -> 0 | N103: =J103*H103 -> 518742 | O103: =I103*J103 -> 518742 | R103: 김세동 | S103: 기타수전 | T103: 수전 | U103: 윤영재
A104: 리노공업 | B104: 부산 에코델타시티 일반산업단지 공장 신축공사 현장_비주거 | C104: 지얼세라믹 | D104: '2026.04 | E104: '2026.06 | F104: DL-P4010 | H104: 161 | I104: 161 | J104: 3222 | K104: 0 | L104: =IFERROR(K104*H104,"0") -> 0 | M104: =IFERROR(L104/1000,"0") -> 0 | N104: =J104*H104 -> 518742 | O104: =I104*J104 -> 518742 | R104: 김세동 | S104: 기타수전 | T104: 수전 | U104: 윤영재
A105: 리노공업 | B105: 부산 에코델타시티 일반산업단지 공장 신축공사 현장_비주거 | C105: 지얼세라믹 | D105: '2026.04 | E105: '2026.06 | F105: DL-P4021 | H105: 161 | I105: 161 | J105: 6445 | K105: 0 | L105: =IFERROR(K105*H105,"0") -> 0 | M105: =IFERROR(L105/1000,"0") -> 0 | N105: =J105*H105 -> 1037645 | O105: =I105*J105 -> 1037645 | R105: 김세동 | S105: 기타수전 | T105: 수전 | U105: 윤영재
A106: 리노공업 | B106: 부산 에코델타시티 일반산업단지 공장 신축공사 현장_비주거 | C106: 지얼세라믹 | D106: '2026.04 | E106: '2026.06 | F106: DL-P4031 | H106: 161 | I106: 161 | J106: 7608 | K106: 0 | L106: =IFERROR(K106*H106,"0") -> 0 | M106: =IFERROR(L106/1000,"0") -> 0 | N106: =J106*H106 -> 1224888 | O106: =I106*J106 -> 1224888 | R106: 김세동 | S106: 기타수전 | T106: 수전 | U106: 윤영재
A107: 리노공업 | B107: 부산 에코델타시티 일반산업단지 공장 신축공사 현장_비주거 | C107: 지얼세라믹 | D107: '2026.04 | E107: '2026.06 | F107: CL370 | H107: 5 | I107: 5 | J107: 91320 | K107: 27 | L107: =IFERROR(K107*H107,"0") -> 135 | M107: =IFERROR(L107/1000,"0") -> 0.135 | N107: =J107*H107 -> 456600 | O107: =I107*J107 -> 456600 | R107: 김세동 | S107: 일체형세면기 | T107: OEM | U107: 윤영재
A108: 리노공업 | B108: 부산 에코델타시티 일반산업단지 공장 신축공사 현장_비주거 | C108: 지얼세라믹 | D108: '2026.04 | E108: '2026.06 | F108: DL-A9056 | H108: 363 | I108: 363 | J108: 18000 | K108: 0 | L108: =IFERROR(K108*H108,"0") -> 0 | M108: =IFERROR(L108/1000,"0") -> 0 | N108: =J108*H108 -> 6534000 | O108: =I108*J108 -> 6534000 | R108: 김세동 | S108: 기타수전 | T108: 수전 | U108: 윤영재
A109: 리노공업 | B109: 부산 에코델타시티 일반산업단지 공장 신축공사 현장_비주거 | C109: 지얼세라믹 | D109: '2026.04 | E109: '2026.06 | F109: DL-B3013 | H109: 1 | I109: 1 | J109: 66000 | K109: 0 | L109: =IFERROR(K109*H109,"0") -> 0 | M109: =IFERROR(L109/1000,"0") -> 0 | N109: =J109*H109 -> 66000 | O109: =I109*J109 -> 66000 | R109: 김세동 | S109: 욕조수전 | T109: 수전 | U109: 윤영재
A110: 중흥건설 | B110: 평택 브레인시티A-1BL 중흥S클래스 | C110: 태욱 | D110: '2026.03 | E110: '2026.04 | F110: CC768N | H110: 1544 | I110: 1544 | J110: 170000 | K110: 31.9 | L110: =IFERROR(K110*H110,"0") -> 49253.6 | M110: =IFERROR(L110/1000,"0") -> 49.2536 | N110: =J110*H110 -> 262480000 | O110: =I110*J110 -> 262480000 | R110: 김혜림 | S110: 투피스 | T110: 위생도기 | U110: 박기진
A111: 중흥건설 | B111: 평택 브레인시티A-1BL 중흥S클래스 | C111: 태욱 | D111: '2026.03 | E111: '2026.05 | F111: CC670EKT | H111: 872 | I111: 872 | J111: 215550 | K111: 29.3 | L111: =IFERROR(K111*H111,"0") -> 25549.6 | M111: =IFERROR(L111/1000,"0") -> 25.5496 | N111: =J111*H111 -> 187959600 | O111: =I111*J111 -> 187959600 | R111: 김혜림 | S111: 일체형양변기 | T111: 위생도기 | U111: 박기진
... A119: (주)한화 | B119: 포레나 천안아산역 (수전금구) | C119: 직납 | D119: '2026.07 | E119: '2026.06 | F119: DL-S4111 | H119: 1166 | I119: 1166 | J119: 12000 | K119: 0 | L119: =IFERROR(K119*H119,"0") -> 0 | M119: =IFERROR(L119/1000,"0") -> 0 | N119: =J119*H119 -> 13992000 | O119: =I119*J119 -> 13992000 | R119: 김주오 | S119: 슬라이드바 | T119: 수전 | U119: 반동식
A120: (주)한화 | B120: 포레나 천안아산역 (수전금구) | C120: 직납 | D120: '2026.07 | E120: '2026.06 | F120: DL-L5510 | H120: 701 | I120: 701 | J120: 38856 | K120: 0 | L120: =IFERROR(K120*H120,"0") -> 0 | M120: =IFERROR(L120/1000,"0") -> 0 | N120: =J120*H120 -> 27238056 | O120: =I120*J120 -> 27238056 | P120: 에코카트리지 | R120: 김주오 | S120: 세면수전 | T120: 수전 | U120: 반동식
A121: (주)한화 | B121: 포레나 천안아산역 (수전금구) | C121: 직납 | D121: '2026.07 | E121: '2026.06 | F121: DL-P4265 | H121: 1166 | I121: 1166 | J121: 1000 | K121: 0 | L121: =IFERROR(K121*H121,"0") -> 0 | M121: =IFERROR(L121/1000,"0") -> 0 | N121: =J121*H121 -> 1166000 | O121: =I121*J121 -> 1166000 | R121: 김주오 | S121: 기타수전 | T121: 수전 | U121: 반동식
A122: (주)한화 | B122: 포레나 천안아산역 (수전금구) | C122: 직납 | D122: '2026.07 | E122: '2026.06 | F122: DL-P4014 | H122: 1166 | I122: 1166 | J122: 6350 | K122: 0 | L122: =IFERROR(K122*H122,"0") -> 0 | M122: =IFERROR(L122/1000,"0") -> 0 | N122: =J122*H122 -> 7404100 | O122: =I122*J122 -> 7404100 | R122: 김주오 | S122: 기타수전 | T122: 수전 | U122: 반동식
...

Sheet 2026정상완료
A1: 2026년 납품 완료 | C1: 1000000
D2: '2026.01 | E2: '2026.02 | F2: '2026.03 | G2: '2026.04 | H2: '2026.05 | I2: '2026.06 | J2: '2026.07 | K2: '2026.08 | L2: '2026.09 | M2: '2026.10 | N2: '2026.11 | O2: '2026.12 | P2: 합계
C3: 합계 | D3: =SUM(D4:D8) -> 6.4305977e+09 | E3: =SUM(E4:E8) -> 6.1320412e+09 | F3: =SUM(F4:F8) -> 4.249774e+09 | G3: =SUM(G4:G8) -> 0 | H3: =SUM(H4:H8) -> 0 | I3: =SUM(I4:I8) -> 0 | J3: =SUM(J4:J8) -> 0 | K3: =SUM(K4:K8) -> 0 | ... O3: =SUM(O4:O8) -> 0 | P3: =SUM(D3:O3) -> 16812412951
C4: 위생도기 | D4: =SUMIFS($M$10:$M$9118,$R$10:$R$9118,$C4,$D$10:$D$9118,D2) -> 2755189210 | E4: =SUMIFS($M$10:$M$9118,$R$10:$R$9118,$C$4,$D$10:$D$9118,E2) -> 3.1720439e+09 | F4: =SUMIFS($M$10:$M$9118,$R$10:$R$9118,$C$4,$D$10:$D$9118,F2) -> 2066569327 | G4: =SUMIFS($M$10:$M$9118,$R$10:$R$9118,$C$4,$D$10:$D$9118,G2) -> 0 | H4: =SUMIFS($M$10:$M$9118,$R$10:$R$9118,$C$4,$D$10:$D$9118,H2) -> 0 | I4: =SUMIFS($M$10:$M$9118,$R$10:$R$9118,$C$4,$D$10:$D$9118,I2) -> 0 | J4: =SUMIFS($M$10:$M$9118,$R$10:$R$9118,$C$4,$D$10:$D$9118,J2) -> 0 | K4: =SUMIFS($M$10:$M$9118,$R$10:$R$9118,$C$4,$D$10:$D$9118,K2) -> 0 | L4: =SUMIFS($M$10:$M$9118,$R$10:$R$9118,$C$4,$D$10:$D$9118,L2) -> 0 | ... O4: =SUMIFS($M$10:$M$9118,$R$10:$R$9118,$C$4,$D$10:$D$9118,O2) -> 0 | P4: =SUM(D4:O4) -> 7.9938025e+09
C5: OEM | D5: =SUMIFS($M$10:$M$9118,$R$10:$R$9118,$C5,$D$10:$D$9118,D$2) -> 5.2427663e+08 | E5: =SUMIFS($M$10:$M$9118,$R$10:$R$9118,$C5,$D$10:$D$9118,E$2) -> 8.4865219e+08 | F5: =SUMIFS($M$10:$M$9118,$R$10:$R$9118,$C5,$D$10:$D$9118,F$2) -> 4.5116352e+08 | G5: =SUMIFS($M$10:$M$9118,$R$10:$R$9118,$C5,$D$10:$D$9118,G$2) -> 0 | H5: =SUMIFS($M$10:$M$9118,$R$10:$R$9118,$C5,$D$10:$D$9118,H$2) -> 0 | I5: =SUMIFS($M$10:$M$9118,$R$10:$R$9118,$C5,$D$10:$D$9118,I$2) -> 0 | J5: =SUMIFS($M$10:$M$9118,$R$10:$R$9118,$C5,$D$10:$D$9118,J$2) -> 0 | K5: =SUMIFS($M$10:$M$9118,$R$10:$R$9118,$C5,$D$10:$D$9118,K$2) -> 0 | ... O5: =SUMIFS($M$10:$M$9118,$R$10:$R$9118,$C5,$D$10:$D$9118,O$2) -> 0 | P5: =SUM(D5:O5) -> 1.8240923e+09
C6: 상품 | D6: =SUMIFS($M$10:$M$9118,$R$10:$R$9118,$C6,$D$10:$D$9118,D$2) -> 586295658 | E6: =SUMIFS($M$10:$M$9118,$R$10:$R$9118,$C6,$D$10:$D$9118,E$2) -> 104762282 | F6: =SUMIFS($M$10:$M$9118,$R$10:$R$9118,$C6,$D$10:$D$9118,F$2) -> 131642839 | G6: =SUMIFS($M$10:$M$9118,$R$10:$R$9118,$C6,$D$10:$D$9118,G$2) -> 0 | H6: =SUMIFS($M$10:$M$9118,$R$10:$R$9118,$C6,$D$10:$D$9118,H$2) -> 0 | I6: =SUMIFS($M$10:$M$9118,$R$10:$R$9118,$C6,$D$10:$D$9118,I$2) -> 0 | J6: =SUMIFS($M$10:$M$9118,$R$10:$R$9118,$C6,$D$10:$D$9118,J$2) -> 0 | K6: =SUMIFS($M$10:$M$9118,$R$10:$R$9118,$C6,$D$10:$D$9118,K$2) -> 0 | L6: =SUMIFS($M$10:$M$9118,$R$10:$R$9118,$C6,$D$10:$D$9118,L$2) -> 0 | M6: =SUMIFS($M$10:$M$9118,$R$10:$R$9118,$C6,$D$10:$D$9118,M$2)+((M5+M4)*0.2) -> 0 | N6: =SUMIFS($M$10:$M$9118,$R$10:$R$9118,$C6,$D$10:$D$9118,N$2)+((N5+N4)*0.2) -> 0 | O6: =SUMIFS($M$10:$M$9118,$R$10:$R$9118,$C6,$D$10:$D$9118,O$2) -> 0 | P6: =SUM(D6:O6) -> 822700779
C7: 수전 | D7: =SUMIFS($M$10:$M$9118,$R$10:$R$9118,$C7,$D$10:$D$9118,D$2) -> 2.0745036e+09 | E7: =SUMIFS($M$10:$M$9118,$R$10:$R$9118,$C7,$D$10:$D$9118,E$2) -> 1.342604e+09 | F7: =SUMIFS($M$10:$M$9118,$R$10:$R$9118,$C7,$D$10:$D$9118,F$2) -> 1.4320494e+09 | G7: =SUMIFS($M$10:$M$9118,$R$10:$R$9118,$C7,$D$10:$D$9118,G$2) -> 0 | H7: =SUMIFS($M$10:$M$9118,$R$10:$R$9118,$C7,$D$10:$D$9118,H$2) -> 0 | I7: =SUMIFS($M$10:$M$9118,$R$10:$R$9118,$C7,$D$10:$D$9118,I$2) -> 0 | J7: =SUMIFS($M$10:$M$9118,$R$10:$R$9118,$C7,$D$10:$D$9118,J$2) -> 0 | K7: =SUMIFS($M$10:$M$9118,$R$10:$R$9118,$C7,$D$10:$D$9118,K$2) -> 0 | ... O7: =SUMIFS($M$10:$M$9118,$R$10:$R$9118,$C7,$D$10:$D$9118,O$2) -> 0 | P7: =SUM(D7:O7) -> 4.849157e+09
C8: 비데 | D8: =SUMIFS($M$10:$M$9118,$R$10:$R$9118,$C8,$D$10:$D$9118,D$2) -> 490332657 | E8: =SUMIFS($M$10:$M$9118,$R$10:$R$9118,$C8,$D$10:$D$9118,E$2) -> 6.6397883e+08 | F8: =SUMIFS($M$10:$M$9118,$R$10:$R$9118,$C8,$D$10:$D$9118,F$2) -> 168348913 | G8: =SUMIFS($M$10:$M$9118,$R$10:$R$9118,$C8,$D$10:$D$9118,G$2) -> 0 | H8: =SUMIFS($M$10:$M$9118,$R$10:$R$9118,$C8,$D$10:$D$9118,H$2) -> 0 | I8: =SUMIFS($M$10:$M$9118,$R$10:$R$9118,$C8,$D$10:$D$9118,I$2) -> 0 | J8: =SUMIFS($M$10:$M$9118,$R$10:$R$9118,$C8,$D$10:$D$9118,J$2) -> 0 | K8: =SUMIFS($M$10:$M$9118,$R$10:$R$9118,$C8,$D$10:$D$9118,K$2) -> 0 | ... O8: =SUMIFS($M$10:$M$9118,$R$10:$R$9118,$C8,$D$10:$D$9118,O$2) -> 0 | P8: =SUM(D8:O8) -> 1.3226604e+09
S9: (단위 : EA,원)
A10: 건설회사 | B10: 현장명 | C10: 대리점 | D10: 납품완료월 | E10: 기존 납품월 | F10: 품목 | G10: 색상 | H10: 수량 | I10: 단가 | J10: 중량(KG) | K10: 총무게(KG) | L10: 총(TON) | M10: 금액 | N10: 특수사양 | O10: 비고 | P10: 담당자 | Q10: 품목 | R10: 구분 | S10: SPEC담당
A11: 현대건설 | B11: 청라 하나드림타워 HQ현장(1차 납품) | C11: 직납 | D11: '2026.01 | E11: '2025.12 | F11: CU511PUJ | H11: 60 | I11: 181402 | J11: 40 | K11: =IFERROR(J11*H11,"0") -> 2400 | L11: =IFERROR(K11/1000,"0") -> 2.4 | M11: =H11*I11 -> 10884120 | O11: 전기식 | P11: 김광제 | Q11: 소변기 | R11: OEM | S11: 박성진
A12: 태왕이앤씨 | B12: 대구 태왕아너스 프리미어(성창 재건축)(1차 납품) | C12: 홈센타홀딩스 | D12: '2026.01 | E12: '2026.01 | F12: CC728 | H12: 200 | I12: 101600 | J12: 41 | K12: =IFERROR(J12*H12,"0") -> 8200 | L12: =IFERROR(K12/1000,"0") -> 8.2 | M12: =I12*H12 -> 20320000 | P12: 강승근 | Q12: 치마형투피스 | R12: OEM | S12: 최윤한
A13: 태왕이앤씨 | B13: 대구 태왕아너스 프리미어(성창 재건축)(1차 납품) | C13: 홈센타홀딩스 | D13: '2026.01 | E13: '2026.01 | F13: CL336D | H13: 200 | I13: 49700 | J13: 15.5 | K13: =IFERROR(J13*H13,"0") -> 3100 | L13: =IFERROR(K13/1000,"0") -> 3.1 | M13: =I13*H13 -> 9940000 | P13: 강승근 | Q13: 벽붙이세면기 | R13: 위생도기 | S13: 최윤한
A14: 태왕이앤씨 | B14: 대구 태왕아너스 프리미어(성창 재건축)(1차 납품) | C14: 홈센타홀딩스 | D14: '2026.01 | E14: '2026.01 | F14: DL-L5510 | H14: 200 | I14: 41800 | J14: 0 | K14: =IFERROR(J14*H14,"0") -> 0 | L14: =IFERROR(K14/1000,"0") -> 0 | M14: =I14*H14 -> 8360000 | P14: 강승근 | Q14: 세면수전 | R14: 수전 | S14: 최윤한
A15: 태왕이앤씨 | B15: 대구 태왕아너스 프리미어(성창 재건축)(1차 납품) | C15: 홈센타홀딩스 | D15: '2026.01 | E15: '2026.01 | F15: DL-G4541C | H15: 100 | I15: 7800 | J15: 0 | K15: =IFERROR(J15*H15,"0") -> 0 | L15: =IFERROR(K15/1000,"0") -> 0 | M15: =I15*H15 -> 780000 | P15: 강승근 | Q15: 가로꼭지 | R15: 수전 | S15: 최윤한
A16: 태왕이앤씨 | B16: 대구 태왕아너스 프리미어(성창 재건축)(1차 납품) | C16: 홈센타홀딩스 | D16: '2026.01 | E16: '2026.01 | F16: DL-G4543C | H16: 100 | I16: 6500 | J16: 0 | K16: =IFERROR(J16*H16,"0") -> 0 | L16: =IFERROR(K16/1000,"0") -> 0 | M16: =I16*H16 -> 650000 | P16: 강승근 | Q16: 가로꼭지 | R16: 수전 | S16: 최윤한
A17: 태왕이앤씨 | B17: 대구 태왕아너스 프리미어(성창 재건축)(1차 납품) | C17: 홈센타홀딩스 | D17: '2026.01 | E17: '2026.01 | F17: DL-G4543H | H17: 100 | I17: 6500 | J17: 0 | K17: =IFERROR(J17*H17,"0") -> 0 | L17: =IFERROR(K17/1000,"0") -> 0 | M17: =I17*H17 -> 650000 | P17: 강승근 | Q17: 가로꼭지 | R17: 수전 | S17: 최윤한
A18: 태왕이앤씨 | B18: 대구 태왕아너스 프리미어(성창 재건축)(1차 납품) | C18: 홈센타홀딩스 | D18: '2026.01 | E18: '2026.01 | F18: DL-G4545C | H18: 100 | I18: 6100 | J18: 0 | K18: =IFERROR(J18*H18,"0") -> 0 | L18: =IFERROR(K18/1000,"0") -> 0 | M18: =I18*H18 -> 610000 | P18: 강승근 | Q18: 가로꼭지 | R18: 수전 | S18: 최윤한
A19: 태왕이앤씨 | B19: 대구 태왕아너스 프리미어(성창 재건축)(1차 납품) | C19: 홈센타홀딩스 | D19: '2026.01 | E19: '2026.01 | F19: DL-G4545H | H19: 100 | I19: 6100 | J19: 0 | K19: =IFERROR(J19*H19,"0") -> 0 | L19: =IFERROR(K19/1000,"0") -> 0 | M19: =I19*H19 -> 610000 | P19: 강승근 | Q19: 가로꼭지 | R19: 수전 | S19: 최윤한
A20: 태왕이앤씨 | B20: 대구 태왕아너스 프리미어(성창 재건축)(1차 납품) | C20: 홈센타홀딩스 | D20: '2026.01 | E20: '2026.01 | F20: DL-P4202 | H20: 100 | I20: 4100 | J20: 0 | K20: =IFERROR(J20*H20,"0") -> 0 | L20: =IFERROR(K20/1000,"0") -> 0 | M20: =I20*H20 -> 410000 | P20: 강승근 | Q20: 기타수전 | R20: 수전 | S20: 최윤한
A21: 태왕이앤씨 | B21: 대구 태왕아너스 프리미어(성창 재건축)(1차 납품) | C21: 홈센타홀딩스 | D21: '2026.01 | E21: '2026.01 | F21: DL-S4195 | H21: 100 | I21: 6300 | J21: 0 | K21: =IFERROR(J21*H21,"0") -> 0 | L21: =IFERROR(K21/1000,"0") -> 0 | M21: =I21*H21 -> 630000 | P21: 강승근 | Q21: 스프레이건 | R21: 수전 | S21: 최윤한
A22: 태왕이앤씨 | B22: 대구 태왕아너스 프리미어(성창 재건축)(1차 납품) | C22: 홈센타홀딩스 | D22: '2026.01 | E22: '2026.01 | F22: DL-P4014 | H22: 100 | I22: 18000 | J22: 0 | K22: =IFERROR(J22*H22,"0") -> 0 | L22: =IFERROR(K22/1000,"0") -> 0 | M22: =I22*H22 -> 1800000 | P22: 강승근 | Q22: 기타수전 | R22: 수전 | S22: 최윤한
A23: 태왕이앤씨 | B23: 대구 태왕아너스 프리미어(성창 재건축)(2차 납품) | C23: 홈센타홀딩스 | D23: '2026.01 | E23: '2026.01 | F23: CC728 | H23: 200 | I23: 101600 | J23: 41 | K23: =IFERROR(J23*H23,"0") -> 8200 | L23: =IFERROR(K23/1000,"0") -> 8.2 | M23: =I23*H23 -> 20320000 | P23: 강승근 | Q23: 치마형투피스 | R23: OEM | S23: 최윤한
... A60: 현대건설 | B60: 힐스테이트 마포더퍼스트 | C60: 직납 | D60: '2026.01 | E60: '2026.02 | F60: DL-P4010 | H60: 1022 | I60: 3255 | J60: 0 | K60: =IFERROR(J60*H60,"0") -> 0 | L60: =IFERROR(K60/1000,"0") -> 0 | M60: =I60*H60 -> 3326610 | P60: 김광제 | Q60: 기타수전 | R60: 수전 | S60: 박성진
A61: 현대건설 | B61: 인천 청라 드림타운(막차 납품) | C61: 직납 | D61: '2026.01 | E61: '2026.01 | F61: CC550PWFT | H61: 284 | I61: 265000 | J61: 28.2 | K61: =IFERROR(J61*H61,"0") -> 8008.8 | L61: =IFERROR(K61/1000,"0") -> 8.0088 | M61: =I61*H61 -> 75260000 | N61: 양변기 고압호스 +10CM | P61: 김광제 | Q61: 일체형양변기 | R61: 위생도기 | S61: 박성진
A62: 포스코건설 | B62: 오티에르 신반포(신반포18차 337동 재건축) | C62: 한일상사 | D62: '2026.01 | E62: '2026.01 | F62: CC670EKT | H62: 210 | I62: 153706 | J62: 29.3 | K62: =IFERROR(J62*H62,"0") -> 6153 | L62: =IFERROR(K62/1000,"0") -> 6.153 | M62: =I62*H62 -> 32278260 | P62: 김세동 | Q62: 일체형양변기 | R62: 위생도기 | S62: 변상익
A63: 포스코건설 | B63: 오티에르 신반포(신반포18차 337동 재건축) | C63: 한일상사 | D63: '2026.01 | E63: '2026.01 | F63: DL-P4010 | H63: 210 | I63: 2753 | J63: 0 | K63: =IFERROR(J63*H63,"0") -> 0 | L63: =IFERROR(K63/1000,"0") -> 0 | M63: =I63*H63 -> 578130 | P63: 김세동 | Q63: 기타수전 | R63: 수전 | S63: 변상익
A64: 중흥건설 | B64: 광주 송정공원 중흥S-클래스(막차 납품) | C64: 신우세라믹 | D64: '2026.01 | E64: '2026.01 | F64: CC768N | H64: 327 | I64: 145900 | J64: 31.9 | K64: =IFERROR(J64*H64,"0") -> 10431.3 | L64: =IFERROR(K64/1000,"0") -> 10.4313 | M64: =I64*H64 -> 47709300 | P64: 김혜림 | Q64: 투피스 | R64: 위생도기 | S64: 박기진
A65: 중흥건설 | B65: 광주 송정공원 중흥S-클래스(막차 납품) | C65: 신우세라믹 | D65: '2026.01 | E65: '2026.01 | F65: CC267 | H65: 345 | I65: 173300 | J65: 34.6 | K65: =IFERROR(J65*H65,"0") -> 11937 | L65: =IFERROR(K65/1000,"0") -> 11.937 | M65: =I65*H65 -> 59788500 | P65: 김혜림 | Q65: 원피스 | R65: 위생도기 | S65: 박기진
A66: 중흥건설 | B66: 광주 송정공원 중흥S-클래스(막차 납품) | C66: 신우세라믹 | D66: '2026.01 | E66: '2026.01 | F66: CL755 | H66: 832 | I66: 48340 | J66: 14 | K66: =IFERROR(J66*H66,"0") -> 11648 | L66: =IFERROR(K66/1000,"0") -> 11.648 | M66: =I66*H66 -> 40218880 | P66: 김혜림 | Q66: 벽붙이세면기 | R66: 위생도기 | S66: 박기진
A67: 중흥건설 | B67: 광주 송정공원 중흥S-클래스(막차 납품) | C67: 신우세라믹 | D67: '2026.01 | E67: '2026.01 | F67: CC670EKT | H67: 154 | I67: 163640 | J67: 29.3 | K67: =IFERROR(J67*H67,"0") -> 4512.2 | L67: =IFERROR(K67/1000,"0") -> 4.5122 | M67: =I67*H67 -> 25200560 | P67: 김혜림 | Q67: 일체형양변기 | R67: 위생도기 | S67: 박기진
A68: DL건설 | B68: e편한세상 대전역 센텀비스타(2차) | C68: 직납 | D68: '2026.01 | E68: '2026.01 | F68: DL-P4820 | H68: 425 | I68: 43183 | J68: 0 | K68: =IFERROR(J68*H68,"0") -> 0 | L68: =IFERROR(K68/1000,"0") -> 0 | M68: =I68*H68 -> 18352775 | P68: 박준혁 | Q68: 기타수전 | R68: 수전 | S68: 윤영재
A69: DL이앤씨 | B69: 인천 e편한세상 검단 웰카운티(1차) | C69: 직납 | D69: '2026.01 | E69: '2026.01 | F69: CC256 | H69: 1293 | I69: 161452 | J69: 34 | K69: =IFERROR(J69*H69,"0") -> 43962 | L69: =IFERROR(K69/1000,"0") -> 43.962 | M69: =I69*H69 -> 208757436 | P69: 박준혁 | Q69: 원피스 | R69: 위생도기 | S69: 윤영재
A70: DL이앤씨 | B70: 인천 e편한세상 검단 웰카운티(1차) | C70: 직납 | D70: '2026.01 | E70: '2026.01 | F70: CC660NN | H70: 165 | I70: 139614 | J70: 27 | K70: =IFERROR(J70*H70,"0") -> 4455 | L70: =IFERROR(K70/1000,"0") -> 4.455 | M70: =I70*H70 -> 23036310 | P70: 박준혁 | Q70: 일체형양변기 | R70: 위생도기 | S70: 윤영재
A71: DL이앤씨 | B71: 인천 e편한세상 검단 웰카운티(1차) | C71: 직납 | D71: '2026.01 | E71: '2026.01 | F71: DA-12060 | H71: 1458 | I71: 14000 | J71: 0 | K71: =IFERROR(J71*H71,"0") -> 0 | L71: =IFERROR(K71/1000,"0") -> 0 | M71: =I71*H71 -> 20412000 | P71: 박준혁 | Q71: 액세서리 | R71: 수전 | S71: 윤영재
A72: DL이앤씨 | B72: 인천 e편한세상 검단 웰카운티(1차) | C72: 직납 | D72: '2026.01 | E72: '2026.01 | F72: DA-12990T | H72: 729 | I72: 22000 | J72: 0 | K72: =IFERROR(J72*H72,"0") -> 0 | L72: =IFERROR(K72/1000,"0") -> 0 | M72: =I72*H72 -> 16038000 | P72: 박준혁 | Q72: 액세서리 | R72: 수전 | S72: 윤영재
A73: DL이앤씨 | B73: 인천 e편한세상 검단 웰카운티(1차) | C73: 직납 | D73: '2026.01 | E73: '2026.01 | F73: DA-14066 | H73: 729 | I73: 17000 | J73: 0 | K73: =IFERROR(J73*H73,"0") -> 0 | L73: =IFERROR(K73/1000,"0") -> 0 | M73: =I73*H73 -> 12393000 | P73: 박준혁 | Q73: 액세서리 | R73: 수전 | S73: 윤영재
... A144: 대광건영 | B144: 평택 브레인시티 대광로제비앙 모아엘가(1차 납품) | C144: 하나도기 | D144: '2026.01 | E144: '2026.01 | F144: CL336NY | H144: 949 | I144: 23334 | J144: 15 | K144: =IFERROR(J144*H144,"0") -> 14235 | L144: =IFERROR(K144/1000,"0") -> 14.235 | M144: =I144*H144 -> 22143966 | P144: 이승현2 | Q144: 벽붙이세면기 | R144: OEM | S144: 박기진
A145: KCC건설 | B145: KCC건설 부산 해운대 엘마르 스위첸 (비주거,오피스텔) | C145: 하나도기 | D145: '2026.01 | E145: '2026.01 | F145: DL-G4547C | H145: 2 | I145: 17820 | J145: 0 | K145: =IFERROR(J145*H145,"0") -> 0 | L145: =IFERROR(K145/1000,"0") -> 0 | M145: =I145*H145 -> 35640 | O145: - 냉수 | P145: 이승현2 | Q145: 가로꼭지 | R145: 수전 | S145: 조재민
A146: KCC건설 | B146: KCC건설 부산 해운대 엘마르 스위첸 (비주거,오피스텔) | C146: 하나도기 | D146: '2026.01 | E146: '2026.01 | F146: DL-K1119 | H146: 180 | I146: 75240 | J146: 0 | K146: =IFERROR(J146*H146,"0") -> 0 | L146: =IFERROR(K146/1000,"0") -> 0 | M146: =I146*H146 -> 13543200 | O146: - 앵글밸브 제외 | P146: 이승현2 | Q146: 싱크수전 | R146: 수전 | S146: 조재민
A147: DL건설 | B147: e편한세상 제물포역 파크메종 | C147: 직납 | D147: '2026.01 | E147: '2026.01 | F147: DL-F463DL | H147: 1394 | I147: 400000 | J147: 0 | K147: =IFERROR(J147*H147,"0") -> 0 | L147: =IFERROR(K147/1000,"0") -> 0 | M147: =I147*H147 -> 557600000 | P147: 박준혁 | Q147: 세면기하부장 | R147: 상품 | S147: 윤영재
A148: DL이앤씨 | B148: e편한세상 시티 평택고덕 | C148: 직납 | D148: '2026.01 | E148: '2026.01 | F148: DL-F463DL | H148: 2 | I148: 400000 | J148: 0 | K148: =IFERROR(J148*H148,"0") -> 0 | L148: =IFERROR(K148/1000,"0") -> 0 | M148: =I148*H148 -> 800000 | P148: 이해규 | Q148: 세면기하부장 | R148: 상품 | S148: 윤영재
A149: GS건설 | B149: 이천 자이 더 리체 | C149: 세광도기 | D149: '2026.01 | E149: '2026.01 | F149: CC740 | H149: 880 | I149: 156479 | J149: 36.4 | K149: =IFERROR(J149*H149,"0") -> 32032 | L149: =IFERROR(K149/1000,"0") -> 32.032 | M149: =I149*H149 -> 137701520 | P149: 김정완 | Q149: 치마형투피스 | R149: 위생도기 | S149: 박기진
A150: GS건설 | B150: 이천 자이 더 리체 | C150: 세광도기 | D150: '2026.01 | E150: '2026.01 | F150: CLR336W | H150: 394 | I150: 47566 | J150: 15.5 | K150: =IFERROR(J150*H150,"0") -> 6107 | L150: =IFERROR(K150/1000,"0") -> 6.107 | M150: =I150*H150 -> 18741004 | P150: 김정완 | Q150: 벽붙이세면기 | R150: 위생도기 | S150: 박기진
A151: GS건설 | B151: 이천 자이 더 리체 | C151: 세광도기 | D151: '2026.01 | E151: '2026.01 | F151: CL603 | H151: 485 | I151: 54000 | J151: 7.2 | K151: =IFERROR(J151*H151,"0") -> 3492 | L151: =IFERROR(K151/1000,"0") -> 3.492 | M151: =I151*H151 -> 26190000 | P151: 김정완 | Q151: 언더카운터 | R151: 위생도기 | S151: 박기진
A152: 대우건설 | B152: 의왕 내손 라 구역(1차 납품) - 인덕원 퍼스비엘 재개발 | C152: 세광도기 | D152: '2026.01 | E152: '2026.01 | F152: CC8000FT | H152: 554 | I152: 322596 | J152: 31.4 | K152: =IFERROR(J152*H152,"0") -> 17395.6 | L152: =IFERROR(K152/1000,"0") -> 17.3956 | M152: =I152*H152 -> 178718184 | P152: 김정완 | Q152: 일체형양변기 | R152: 위생도기
A153: 대우건설 | B153: 의왕 내손 라 구역(막차 납품) | C153: 세광도기 | D153: '2026.01 | E153: '2026.01 | F153: CC730 | H153: 554 | I153: 205263 | J153: 41.8 | K153: =IFERROR(J153*H153,"0") -> 23157.2 | L153: =IFERROR(K153/1000,"0") -> 23.1572 | M153: =I153*H153 -> 113715702 | P153: 김정완 | Q153: 치마형투피스 | R153: 위생도기
A154: GS건설 | B154: 의왕 내손 라 구역(1차 납품) | C154: 세광도기 | D154: '2026.01 | E154: '2026.01 | F154: CLR3000F | H154: 404 | I154: 125000 | J154: 24 | K154: =IFERROR(J154*H154,"0") -> 9696 | L154: =IFERROR(K154/1000,"0") -> 9.696 | M154: =I154*H154 -> 50500000 | P154: 최윤한 | Q154: 일체형세면기 | R154: 위생도기
A155: GS건설 | B155: 의왕 내손 라 구역(2차 납품) | C155: 세광도기 | D155: '2026.01 | E155: '2026.01 | F155: CLR3000F | H155: 932 | I155: 125000 | J155: 24 | K155: =IFERROR(J155*H155,"0") -> 22368 | L155: =IFERROR(K155/1000,"0") -> 22.368 | M155: =I155*H155 -> 116500000 | P155: 김정완 | Q155: 일체형세면기 | R155: 위생도기
A156: 서한건설 | B156: 평택 고덕 A-47BL | C156: (주)에이치씨홈센타 | D156: '2026.01 | E156: '2026.01 | F156: DL-K5515 | H156: 510 | I156: 53100 | J156: 0 | K156: =IFERROR(J156*H156,"0") -> 0 | L156: =IFERROR(K156/1000,"0") -> 0 | M156: =I156*H156 -> 27081000 | P156: 강승근 | Q156: 세면수전 | R156: 수전 | S156: 박기진
A157: 서한건설 | B157: 평택 고덕 A-47BL | C157: (주)에이치씨홈센타 | D157: '2026.01 | E157: '2026.01 | F157: DL-G4241 | H157: 510 | I157: 10850 | J157: 0 | K157: =IFERROR(J157*H157,"0") -> 0 | L157: =IFERROR(K157/1000,"0") -> 0 | M157: =I157*H157 -> 5533500 | P157: 강승근 | Q157: 악세사리 | R157: 수전 | S157: 박기진
A158: 서한건설 | B158: 평택 고덕 A-47BL | C158: (주)에이치씨홈센타 | D158: '2026.01 | E158: '2026.01 | F158: DL-G4243C | H158: 1020 | I158: 7200 | J158: 0 | K158: =IFERROR(J158*H158,"0") -> 0 | L158: =IFERROR(K158/1000,"0") -> 0 | M158: =I158*H158 -> 7344000 | P158: 강승근 | Q158: 악세사리 | R158: 수전 | S158: 박기진
A159: 서한건설 | B159: 평택 고덕 A-47BL | C159: (주)에이치씨홈센타 | D159: '2026.01 | E159: '2026.01 | F159: DL-G4243H | H159: 1020 | I159: 7200 | J159: 0 | K159: =IFERROR(J159*H159,"0") -> 0 | L159: =IFERROR(K159/1000,"0") -> 0 | M159: =I159*H159 -> 7344000 | P159: 강승근 | Q159: 악세사리 | R159: 수전 | S159: 박기진
A160: 한국토지주택공사 | B160: LH인천지역본부 임대주택 욕실 유지보수공사(리모델링, 임대) | C160: DL세라믹스 | D160: '2026.01 | E160: '2026.01 | F160: BFL-410 | H160: 100 | I160: 23400 | J160: 0 | K160: =IFERROR(J160*H160,"0") -> 0 | L160: =IFERROR(K160/1000,"0") -> 0 | M160: =I160*H160 -> 2340000 | P160: 김세동 | Q160: 바트라 | R160: 수전 | S160: 박기진
A161: 한국토지주택공사 | B161: LH인천지역본부 임대주택 욕실 유지보수공사(리모델링, 임대) | C161: DL세라믹스 | D161: '2026.01 | E161: '2026.01 | F161: BFB-423 | H161: 100 | I161: 36000 | J161: 0 | K161: =IFERROR(J161*H161,"0") -> 0 | L161: =IFERROR(K161/1000,"0") -> 0 | M161: =I161*H161 -> 3600000 | P161: 김세동 | Q161: 바트라 | R161: 수전 | S161: 박기진
A162: 한국토지주택공사 | B162: LH인천지역본부 임대주택 욕실 유지보수공사(리모델링, 임대) | C162: DL세라믹스 | D162: '2026.01 | E162: '2026.01 | F162: BFK-435 | H162: 100 | I162: 42300 | J162: 0 | K162: =IFERROR(J162*H162,"0") -> 0 | L162: =IFERROR(K162/1000,"0") -> 0 | M162: =I162*H162 -> 4230000 | P162: 김세동 | Q162: 바트라 | R162: 수전 | S162: 박기진
A163: 현대건설 | B163: 청라 하나드림타워 HQ현장(막차 납품) | C163: 직납 | D163: '2026.01 | E163: '2026.01 | F163: CU511PUJ | H163: 112 | I163: 181402 | J163: 40 | K163: =IFERROR(J163*H163,"0") -> 4480 | L163: =IFERROR(K163/1000,"0") -> 4.48 | M163: =I163*H163 -> 20317024 | O163: 전기식 | P163: 김광제 | Q163: 소변기 | R163: OEM | S163: 박성진
A164: 태영건설 | B164: 서울 중랑구 묵동 역세권 청년주택 현장 | C164: 진영도기 | D164: '2026.01 | E164: '2026.01 | F164: DL-G4241 | H164: 755 | I164: 10124 | J164: 0 | K164: =IFERROR(J164*H164,"0") -> 0 | L164: =IFERROR(K164/1000,"0") -> 0 | M164: =I164*H164 -> 7643620 | O164: (22년 연간단가)/냉수, 메탈호스(1.5m),행거(크롬),스프레인건(DL-S4195)포함 | P164: 금지현 | Q164: 기타수전 | R164: 수전 | S164: 박기진
A165: 태영건설 | B165: 서울 중랑구 묵동 역세권 청년주택 현장 | C165: 진영도기 | D165: '2026.01 | E165: '2026.01 | F165: DL-P4201 | H165: 655 | I165: 579 | J165: 0 | K165: =IFERROR(J165*H165,"0") -> 0 | L165: =IFERROR(K165/1000,"0") -> 0 | M165: =I165*H165 -> 379245 | O165: (22년 연간단가)/냉수, 메탈호스(1.5m),행거(크롬),스프레인건(DL-S4195)포함 | P165: 금지현 | Q165: 기타수전 | R165: 수전 | S165: 박기진
A166: 태영건설 | B166: 서울 중랑구 묵동 역세권 청년주택 현장 | C166: 진영도기 | D166: '2026.01 | E166: '2026.03 | F166: DL-P4202 | H166: 755 | I166: 4050 | J166: 0 | K166: =IFERROR(J166*H166,"0") -> 0 | L166: =IFERROR(K166/1000,"0") -> 0 | M166: =I166*H166 -> 3057750 | O166: (22년 연간단가)/냉수, 메탈호스(1.5m),행거(크롬),스프레인건(DL-S4195)포함 | P166: 금지현 | Q166: 기타수전 | R166: 수전 | S166: 박기진
A167: 태영건설 | B167: 서울 중랑구 묵동 역세권 청년주택 현장 | C167: 진영도기 | D167: '2026.01 | E167: '2026.01 | F167: DL-P4234 | H167: 755 | I167: 694 | J167: 0 | K167: =IFERROR(J167*H167,"0") -> 0 | L167: =IFERROR(K167/1000,"0") -> 0 | M167: =I167*H167 -> 523970 | O167: (22년 연간단가)/냉수, 메탈호스(1.5m),행거(크롬),스프레인건(DL-S4195)포함 | P167: 금지현 | Q167: 기타수전 | R167: 수전 | S167: 박기진
A168: 태영건설 | B168: 서울 중랑구 묵동 역세권 청년주택 현장 | C168: 진영도기 | D168: '2026.01 | E168: '2026.03 | F168: DL-S4195 | H168: 755 | I168: 5554 | J168: 0 | K168: =IFERROR(J168*H168,"0") -> 0 | L168: =IFERROR(K168/1000,"0") -> 0 | M168: =I168*H168 -> 4193270 | O168: (22년 연간단가)/냉수, 메탈호스(1.5m),행거(크롬),스프레인건(DL-S4195)포함 | P168: 금지현 | Q168: 기타수전 | R168: 수전 | S168: 박기진
A169: 태영건설 | B169: 서울 중랑구 묵동 역세권 청년주택 현장 | C169: 진영도기 | D169: '2026.01 | E169: '2026.01 | F169: CL336P | H169: 946 | I169: 14697 | J169: 0 | K169: =IFERROR(J169*H169,"0") -> 0 | L169: =IFERROR(K169/1000,"0") -> 0 | M169: =I169*H169 -> 13903362 | O169: (비연간단가)1H제품/ABS반다리,앙카,비누대포함 | P169: 금지현 | Q169: 페데스탈 | R169: 상품 | S169: 박기진
A170: 태영건설 | B170: 서울 중랑구 묵동 역세권 청년주택 현장 | C170: 진영도기 | D170: '2026.01 | E170: '2026.01 | F170: DL-P4048 | H170: 927 | I170: 6600 | J170: 0 | K170: =IFERROR(J170*H170,"0") -> 0 | L170: =IFERROR(K170/1000,"0") -> 0 | M170: =I170*H170 -> 6118200 | O170: (22년 연간단가)/안마헤드 포함 | P170: 금지현 | Q170: 기타수전 | R170: 수전 | S170: 박기진
A171: 태영건설 | B171: 서울 중랑구 묵동 역세권 청년주택 현장 | C171: 진영도기 | D171: '2026.01 | E171: '2026.03 | F171: DL-P4202 | H171: 927 | I171: 5775 | J171: 0 | K171: =IFERROR(J171*H171,"0") -> 0 | L171: =IFERROR(K171/1000,"0") -> 0 | M171: =I171*H171 -> 5353425 | O171: (22년 연간단가)/안마헤드 포함 | P171: 금지현 | Q171: 기타수전 | R171: 수전 | S171: 박기진
A172: 태영건설 | B172: 서울 중랑구 묵동 역세권 청년주택 현장 | C172: 진영도기 | D172: '2026.01 | E172: '2026.01 | F172: DL-S4530 | H172: 927 | I172: 15674 | J172: 0 | K172: =IFERROR(J172*H172,"0") -> 0 | L172: =IFERROR(K172/1000,"0") -> 0 | M172: =I172*H172 -> 14529798 | O172: (22년 연간단가)/안마헤드 포함 | P172: 금지현 | Q172: 기타수전 | R172: 수전 | S172: 박기진
A173: 태영건설 | B173: 서울 중랑구 묵동 역세권 청년주택 현장 | C173: 진영도기 | D173: '2026.01 | E173: '2026.01 | F173: DL-P4021 | H173: 526 | I173: 6118 | J173: 0 | K173: =IFERROR(J173*H173,"0") -> 0 | L173: =IFERROR(K173/1000,"0") -> 0 | M173: =I173*H173 -> 3218068 | O173: (22년 연간단가)/자동폽업변경,P트랩,앵글밸브 포함 | P173: 금지현 | Q173: 기타수전 | R173: 수전 | S173: 박기진
A174: 태영건설 | B174: 서울 중랑구 묵동 역세권 청년주택 현장 | C174: 진영도기 | D174: '2026.01 | E174: '2026.01 | F174: DL-P4031 | H174: 526 | I174: 7222 | J174: 0 | K174: =IFERROR(J174*H174,"0") -> 0 | L174: =IFERROR(K174/1000,"0") -> 0 | M174: =I174*H174 -> 3798772 | O174: (22년 연간단가)/자동폽업변경,P트랩,앵글밸브 포함 | P174: 금지현 | Q174: 기타수전 | R174: 수전 | S174: 박기진
... A179: 설해원 | B179: 설해수림 | C179: 시내울산업 | D179: '2026.01 | E179: '2026.01 | F179: CC116 | H179: 5 | I179: 125000 | J179: 40 | K179: =IFERROR(J179*H179,"0") -> 200 | L179: =IFERROR(K179/1000,"0") -> 0.2 | M179: =I179*H179 -> 625000 | O179: TFT-304S | P179: 금지현 | Q179: F/V양변기 | R179: OEM | S179: 김선도
A180: 설해원 | B180: 설해수림 | C180: 시내울산업 | D180: '2026.01 | E180: '2026.01 | F180: DL-A9056 | H180: 30 | I180: 21800 | J180: 0 | K180: =IFERROR(J180*H180,"0") -> 0 | L180: =IFERROR(K180/1000,"0") -> 0 | M180: =I180*H180 -> 654000 | P180: 금지현 | Q180: 기타수전 | R180: 수전 | S180: 김선도
A181: 설해원 | B181: 설해수림 | C181: 시내울산업 | D181: '2026.01 | E181: '2026.01 | F181: CL366 | H181: 17 | I181: 108000 | J181: 18.7 | K181: =IFERROR(J181*H181,"0") -> 317.9 | L181: =IFERROR(K181/1000,"0") -> 0.3179 | M181: =I181*H181 -> 1836000 | O181: 앙카볼트 포함 | P181: 금지현 | Q181: 일체형세면기 | R181: 위생도기 | S181: 김선도
A182: 설해원 | B182: 설해수림 | C182: 시내울산업 | D182: '2026.01 | E182: '2026.01 | F182: DL-P4010 | H182: 25 | I182: 3600 | J182: 0 | K182: =IFERROR(J182*H182,"0") -> 0 | L182: =IFERROR(K182/1000,"0") -> 0 | M182: =I182*H182 -> 90000 | O182: 자동폽업, P트랩, 앵글밸브 2EA | P182: 금지현 | Q182: 기타수전 | R182: 수전 | S182: 김선도
A183: 설해원 | B183: 설해수림 | C183: 시내울산업 | D183: '2026.01 | E183: '2026.01 | F183: DL-P4010 | H183: 25 | I183: 3600 | J183: 0 | K183: =IFERROR(J183*H183,"0") -> 0 | L183: =IFERROR(K183/1000,"0") -> 0 | M183: =I183*H183 -> 90000 | O183: 자동폽업, P트랩, 앵글밸브 2EA | P183: 금지현 | Q183: 기타수전 | R183: 수전 | S183: 김선도
A184: 설해원 | B184: 설해수림 | C184: 시내울산업 | D184: '2026.01 | E184: '2026.01 | F184: DL-P4021 | H184: 25 | I184: 7200 | J184: 0 | K184: =IFERROR(J184*H184,"0") -> 0 | L184: =IFERROR(K184/1000,"0") -> 0 | M184: =I184*H184 -> 180000 | O184: 자동폽업, P트랩, 앵글밸브 2EA | P184: 금지현 | Q184: 기타수전 | R184: 수전 | S184: 김선도
A185: 설해원 | B185: 설해수림 | C185: 시내울산업 | D185: '2026.01 | E185: '2026.01 | F185: DL-L7310 | H185: 25 | I185: 72000 | J185: 0 | K185: =IFERROR(J185*H185,"0") -> 0 | L185: =IFERROR(K185/1000,"0") -> 0 | M185: =I185*H185 -> 1800000 | O185: 자동폽업, P트랩, 앵글밸브 2EA | P185: 금지현 | Q185: 세면수전 | R185: 수전 | S185: 김선도
A186: 설해원 | B186: 설해수림 | C186: 시내울산업 | D186: '2026.01 | E186: '2026.01 | F186: DL-P4031 | H186: 25 | I186: 8500 | J186: 0 | K186: =IFERROR(J186*H186,"0") -> 0 | L186: =IFERROR(K186/1000,"0") -> 0 | M186: =I186*H186 -> 212500 | O186: 자동폽업, P트랩, 앵글밸브 2EA | P186: 금지현 | Q186: 기타수전 | R186: 수전 | S186: 김선도
A187: 설해원 | B187: 설해수림 | C187: 시내울산업 | D187: '2026.01 | E187: '2026.01 | F187: CL610F | H187: 8 | I187: 102913 | J187: 10.5 | K187: =IFERROR(J187*H187,"0") -> 84 | L187: =IFERROR(K187/1000,"0") -> 0.084 | M187: =I187*H187 -> 823304 | O187: 브라켓 포함 | P187: 금지현 | Q187: 언더카운터 | R187: 위생도기 | S187: 김선도
A188: 설해원 | B188: 설해수림 | C188: 시내울산업 | D188: '2026.01 | E188: '2026.01 | F188: CS1 | H188: 4 | I188: 110000 | J188: 22.5 | K188: =IFERROR(J188*H188,"0") -> 90 | L188: =IFERROR(K188/1000,"0") -> 0.09 | M188: =I188*H188 -> 440000 | O188: 1구형 | P188: 금지현 | Q188: 수채 | R188: 위생도기 | S188: 김선도
A189: 설해원 | B189: 설해수림 | C189: 시내울산업 | D189: '2026.01 | E189: '2026.01 | F189: DL-G4645 | H189: 4 | I189: 13500 | J189: 0 | K189: =IFERROR(J189*H189,"0") -> 0 | L189: =IFERROR(K189/1000,"0") -> 0 | M189: =I189*H189 -> 54000 | O189: 1구형 | P189: 금지현 | Q189: 기타수전 | R189: 수전 | S189: 김선도
A190: 설해원 | B190: 설해수림 | C190: 시내울산업 | D190: '2026.01 | E190: '2026.01 | F190: DL-A6002 | H190: 25 | I190: 20000 | J190: 0 | K190: =IFERROR(J190*H190,"0") -> 0 | L190: =IFERROR(K190/1000,"0") -> 0 | M190: =I190*H190 -> 500000 | P190: 금지현 | Q190: 액세서리 | R190: 수전 | S190: 김선도
A191: 설해원 | B191: 설해수림 | C191: 시내울산업 | D191: '2026.01 | E191: '2026.01 | F191: DL-C1200 | H191: 15 | I191: 95000 | J191: 0 | K191: =IFERROR(J191*H191,"0") -> 0 | L191: =IFERROR(K191/1000,"0") -> 0 | M191: =I191*H191 -> 1425000 | P191: 금지현 | Q191: 슬라이드장 | R191: 상품 | S191: 김선도
A192: 보미종합건설 | B192: 굿네이버스 시흥 배곧 노인요양시설 | C192: 한솔위생도기 | D192: '2026.01 | E192: '2026.01 | F192: DL-P4260 | H192: 23 | I192: 39000 | J192: 0 | K192: =IFERROR(J192*H192,"0") -> 0 | L192: =IFERROR(K192/1000,"0") -> 0 | M192: =I192*H192 -> 897000 | O192: size : 600mm | P192: 김세동 | Q192: 기타수전 | R192: 수전 | S192: 김주석
A193: 보미종합건설 | B193: 굿네이버스 시흥 배곧 노인요양시설 | C193: 한솔위생도기 | D193: '2026.01 | E193: '2026.01 | F193: DL-P4252 | H193: 36 | I193: 65000 | J193: 0 | K193: =IFERROR(J193*H193,"0") -> 0 | L193: =IFERROR(K193/1000,"0") -> 0 | M193: =I193*H193 -> 2340000 | O193: size : 700*500mm | P193: 김세동 | Q193: 기타수전 | R193: 수전 | S193: 김주석
A194: 현대엔지니어링 | B194: 공평15, 16지구 | C194: 시내울산업 | D194: '2026.01 | E194: '2026.01 | F194: CL340 | H194: 218 | I194: 83914 | J194: 19 | K194: =IFERROR(J194*H194,"0") -> 4142 | L194: =IFERROR(K194/1000,"0") -> 4.142 | M194: =I194*H194 -> 18293252 | P194: 금지현 | Q194: 세미탑볼 | R194: 위생도기 | S194: 박성진
A195: 현대엔지니어링 | B195: 공평15, 16지구 | C195: 시내울산업 | D195: '2026.01 | E195: '2026.01 | F195: CU511PUJ | H195: 184 | I195: 124047 | J195: 40 | K195: =IFERROR(J195*H195,"0") -> 7360 | L195: =IFERROR(K195/1000,"0") -> 7.36 | M195: =I195*H195 -> 22824648 | P195: 금지현 | Q195: 벽걸이소변기 | R195: OEM | S195: 박성진
A196: 롯데건설 | B196: 인천 검단 롯데캐슬 넥스티엘 | C196: 티엔씨시스템 | D196: '2026.01 | E196: '2026.01 | F196: CC8000FT | H196: 64 | I196: 394556 | J196: 31 | K196: =IFERROR(J196*H196,"0") -> 1984 | L196: =IFERROR(K196/1000,"0") -> 1.984 | M196: =I196*H196 -> 25251584 | O196: 설치비 제외,통수지그 제외 | P196: 백세현 | Q196: 일체형양변기 | R196: 위생도기 | S196: 조재민
A197: 롯데건설 | B197: 인천 검단 롯데캐슬 넥스티엘 | C197: 티엔씨시스템 | D197: '2026.01 | E197: '2026.01 | F197: DL-P4010 | H197: 64 | I197: 2273 | J197: 0 | K197: =IFERROR(J197*H197,"0") -> 0 | L197: =IFERROR(K197/1000,"0") -> 0 | M197: =I197*H197 -> 145472 | O197: 설치비 제외,통수지그 제외 | P197: 백세현 | Q197: 기타수전 | R197: 수전 | S197: 조재민
A198: 롯데건설 | B198: 인천 검단 롯데캐슬 넥스티엘 | C198: 티엔씨시스템 | D198: '2026.01 | E198: '2026.01 | F198: DL-F15445 | H198: 64 | I198: 196364 | J198: 0 | K198: =IFERROR(J198*H198,"0") -> 0 | L198: =IFERROR(K198/1000,"0") -> 0 | M198: =I198*H198 -> 12567296 | O198: 별도(우측)폽업 / 3구 오버홀 구멍 | P198: 백세현 | Q198: 세면기하부장 | R198: 상품 | S198: 조재민
A199: 롯데건설 | B199: 인천 검단 롯데캐슬 넥스티엘 | C199: 티엔씨시스템 | D199: '2026.01 | E199: '2026.01 | F199: CLR470FN | H199: 64 | I199: 73636 | J199: 17 | K199: =IFERROR(J199*H199,"0") -> 1088 | L199: =IFERROR(K199/1000,"0") -> 1.088 | M199: =I199*H199 -> 4712704 | O199: 별도(우측)폽업 / 3구 오버홀 구멍 | P199: 백세현 | Q199: 카운터세면기 | R199: 위생도기 | S199: 조재민
A200: 유림이앤씨 | B200: 울산 노르웨이 숲 | C200: 하나도기 | D200: '2026.01 | E200: '2026.01 | F200: CC282 | H200: 422 | I200: 130000 | J200: 43 | K200: =IFERROR(J200*H200,"0") -> 18146 | L200: =IFERROR(K200/1000,"0") -> 18.146 | M200: =I200*H200 -> 54860000 | P200: 이승현2 | Q200: 원피스양변기 | R200: OEM | S200: 윤영제
A201: 유림이앤씨 | B201: 울산 노르웨이 숲 | C201: 하나도기 | D201: '2026.01 | E201: '2026.01 | F201: CL347D | H201: 424 | I201: 25000 | J201: 15 | K201: =IFERROR(J201*H201,"0") -> 6360 | L201: =IFERROR(K201/1000,"0") -> 6.36 | M201: =I201*H201 -> 10600000 | P201: 이승현2 | Q201: 벽붙이세면기 | R201: OEM | S201: 윤영제
A202: 유림이앤씨 | B202: 울산 노르웨이 숲 | C202: 하나도기 | D202: '2026.01 | E202: '2026.01 | F202: CC766 | H202: 424 | I202: 78000 | J202: 33 | K202: =IFERROR(J202*H202,"0") -> 13992 | L202: =IFERROR(K202/1000,"0") -> 13.992 | M202: =I202*H202 -> 33072000 | P202: 이승현2 | Q202: 투피스 | R202: OEM | S202: 윤영제
A203: 유림이앤씨 | B203: 울산 노르웨이 숲 | C203: 하나도기 | D203: '2026.01 | E203: '2026.01 | F203: CL857 | H203: 79 | I203: 70000 | J203: 17 | K203: =IFERROR(J203*H203,"0") -> 1343 | L203: =IFERROR(K203/1000,"0") -> 1.343 | M203: =I203*H203 -> 5530000 | P203: 이승현2 | Q203: 톱카운터 | R203: OEM | S203: 윤영제
A204: 유림이앤씨 | B204: 울산 노르웨이 숲 | C204: 하나도기 | D204: '2026.01 | E204: '2026.01 | F204: DL-L3210 | H204: 861 | I204: 35000 | J204: 0 | K204: =IFERROR(J204*H204,"0") -> 0 | L204: =IFERROR(K204/1000,"0") -> 0 | M204: =I204*H204 -> 30135000 | P204: 이승현2 | Q204: 세면수전 | R204: 수전 | S204: 윤영제
A205: 유림이앤씨 | B205: 울산 노르웨이 숲 | C205: 하나도기 | D205: '2026.01 | E205: '2026.01 | F205: DL-B6010 | H205: 1089 | I205: 125000 | J205: 0 | K205: =IFERROR(J205*H205,"0") -> 0 | L205: =IFERROR(K205/1000,"0") -> 0 | M205: =I205*H205 -> 136125000 | P205: 이승현2 | Q205: 레인샤워수전 | R205: 수전 | S205: 윤영제
A206: 유림이앤씨 | B206: 울산 노르웨이 숲 | C206: 하나도기 | D206: '2026.01 | E206: '2026.01 | F206: CLR350 | H206: 384 | I206: 82000 | J206: 20 | K206: =IFERROR(J206*H206,"0") -> 7680 | L206: =IFERROR(K206/1000,"0") -> 7.68 | M206: =I206*H206 -> 31488000 | N206: 별도폽업 | P206: 이승현2 | Q206: 일체형세면기 | R206: 위생도기 | S206: 윤영제
A207: (주)한화 | B207: 포레나 부산 대연 | C207: 직납 | D207: '2026.01 | E207: '2026.01 | F207: RADICE A19 | H207: 263 | I207: 200000 | J207: 0 | K207: =IFERROR(J207*H207,"0") -> 0 | L207: =IFERROR(K207/1000,"0") -> 0 | M207: =I207*H207 -> 52600000 | O207: 생산 시 출고 | P207: 박준혁 | Q207: 주방수전 | R207: 수전 | S207: 박기진
A208: 은민인테리어 | B208: 쉐라톤 제주 | C208: 시내울산업 | D208: '2026.01 | E208: '2026.01 | F208: CU511PUJ | H208: 13 | I208: 125381 | J208: 40 | K208: =IFERROR(J208*H208,"0") -> 520 | L208: =IFERROR(K208/1000,"0") -> 0.52 | M208: =I208*H208 -> 1629953 | O208: 배터리식 | P208: 금지현 | Q208: 소변기 | R208: OEM | S208: 김선도
A209: 호반건설 | B209: 천안 일봉공원 호반써밋 센트럴파크 2블록 | C209: 기흔인터내셔널 | D209: '2026.01 | E209: '2026.02 | F209: DL-B3213 | H209: 1284 | I209: 31427 | J209: 0 | K209: =IFERROR(J209*H209,"0") -> 0 | L209: =IFERROR(K209/1000,"0") -> 0 | M209: =I209*H209 -> 40352268 | P209: 백세현 | Q209: 욕조수전 | R209: 수전 | S209: 최윤한
A210: 호반건설 | B210: 천안 일봉공원 호반써밋 센트럴파크 2블록 | C210: 기흔인터내셔널 | D210: '2026.01 | E210: '2026.02 | F210: DL-B7010 | H210: 1284 | I210: 100094 | J210: 0 | K210: =IFERROR(J210*H210,"0") -> 0 | L210: =IFERROR(K210/1000,"0") -> 0 | M210: =I210*H210 -> 128520696 | P210: 백세현 | Q210: 레인샤워 | R210: 수전 | S210: 최윤한
...

Sheet 2026 스펙추가
A1: 프로젝트, 리테일 신규 SPEC 추가 | C1: 1월 | D1: 2월 | E1: 3월 | F1: 4월 | G1: 5월 | H1: 6월 | I1: 7월 | J1: 8월 | K1: 9월 | L1: 10월 | M1: 11월 | N1: 12월 | O1: 합계
C2: =(M475)/1000000 -> 6672.2712 | D2: =M724/1000000 -> 5383.5793 | E2: =M1058/1000000 -> 6828.5027 | O2: =SUM(C2:N2)*1000000 -> 1.8884353e+10
S3: (단위 : EA,원)
A4: 건설회사 | B4: 현장명 | C4: 대리점 | D4: 납품예정 | E4: 입주예정 | F4: 품목 | G4: 색상 | H4: 수량 | I4: 대리점가 | J4: 중량(KG) | K4: 총무게(KG) | L4: 총무게(TON) | M4: 금액 | N4: 특수사양 | O4: 비고 | P4: 담당자 | Q4: 품목 | R4: 구분 | S4: SPEC담당
A5: 모아종합건설 | B5: 강릉 모아미래도 오션리버 옵션품번 | C5: 중마타일 | D5: '2026.07 | F5: CL359H | H5: 121 | I5: 60594 | J5: 24 | K5: =IFERROR(J5*H5,"0") -> 2904 | L5: =IFERROR(K5/1000,"0") -> 2.904 | M5: =I5*H5 -> 7331874 | P5: 김혜림 | Q5: 일체형세면기 | R5: OEM | S5: 박기진
A6: 모아종합건설 | B6: 강릉 모아미래도 오션리버 옵션품번 | C6: 중마타일 | D6: '2026.07 | F6: CC670EKT | H6: 121 | I6: 144761 | J6: 29.3 | K6: =IFERROR(J6*H6,"0") -> 3545.3 | L6: =IFERROR(K6/1000,"0") -> 3.5453 | M6: =I6*H6 -> 17516081 | P6: 김혜림 | Q6: 일체형양변기 | R6: 위생도기 | S6: 박기진
A7: DL건설 | B7: 평촌 비즈밸리(호계동 지산센터) | C7: 직납 | D7: '2026.10 | F7: CU511UJ | H7: 139 | I7: 115000 | J7: 40.3 | K7: =IFERROR(J7*H7,"0") -> 5601.7 | L7: =IFERROR(K7/1000,"0") -> 5.6017 | M7: =I7*H7 -> 15985000 | P7: 박준혁 | Q7: 소변기 | R7: OEM
A8: 롯데건설 | B8: 롯데캐슬 안산 시그니처 중앙 | C8: 티엔씨시스템 | D8: '2027.06 | F8: CC732 | H8: 791 | I8: 98000 | J8: 44 | K8: =IFERROR(J8*H8,"0") -> 34804 | L8: =IFERROR(K8/1000,"0") -> 34.804 | M8: =I8*H8 -> 77518000 | P8: 백세현 | Q8: 투피스 | R8: OEM | S8: 반동식
A9: 포스코건설 | B9: 울산 더샵 시에르네 | C9: 세광도기 | D9: '2026.07 | F9: CC214 | H9: 102 | I9: 217107 | J9: 36.9 | K9: =IFERROR(J9*H9,"0") -> 3763.8 | L9: =IFERROR(K9/1000,"0") -> 3.7638 | M9: =I9*H9 -> 22144914 | P9: 김정완 | Q9: 원피스 | R9: 위생도기 | S9: 조재민
A10: 포스코건설 | B10: 울산 더샵 시에르네 | C10: 세광도기 | D10: '2026.07 | F10: TSC416D | H10: 102 | I10: 10087 | J10: 0 | K10: =IFERROR(J10*H10,"0") -> 0 | L10: =IFERROR(K10/1000,"0") -> 0 | M10: =I10*H10 -> 1028874 | P10: 김정완 | Q10: 시트 | R10: 상품 | S10: 조재민
A11: 포스코건설 | B11: 울산 더샵 시에르네 | C11: 세광도기 | D11: '2026.07 | F11: CC768N | H11: 102 | I11: 139604 | J11: 31.9 | K11: =IFERROR(J11*H11,"0") -> 3253.8 | L11: =IFERROR(K11/1000,"0") -> 3.2538 | M11: =I11*H11 -> 14239608 | P11: 김정완 | Q11: 투피스 | R11: 위생도기 | S11: 조재민
A12: 포스코건설 | B12: 울산 더샵 시에르네 | C12: 세광도기 | D12: '2026.07 | F12: CLL755S | H12: 216 | I12: 56373 | J12: 14 | K12: =IFERROR(J12*H12,"0") -> 3024 | L12: =IFERROR(K12/1000,"0") -> 3.024 | M12: =I12*H12 -> 12176568 | P12: 김정완 | Q12: 벽붙이세면기 | R12: 위생도기 | S12: 조재민
A13: 포스코건설 | B13: 더샵탕정인피니티시티 3차 | C13: 세광도기 | D13: '2027.02 | F13: CC214 | H13: 143 | I13: 216358 | J13: 36.9 | K13: =IFERROR(J13*H13,"0") -> 5276.7 | L13: =IFERROR(K13/1000,"0") -> 5.2767 | M13: =I13*H13 -> 30939194 | P13: 김정완 | Q13: 원피스 | R13: 위생도기 | S13: 조재민
A14: 포스코건설 | B14: 더샵탕정인피니티시티 3차 | C14: 세광도기 | D14: '2027.02 | F14: TSC416D | H14: 116 | I14: 10197 | J14: 0 | K14: =IFERROR(J14*H14,"0") -> 0 | L14: =IFERROR(K14/1000,"0") -> 0 | M14: =I14*H14 -> 1182852 | P14: 김정완 | Q14: 시트 | R14: 상품 | S14: 조재민
A15: 포스코건설 | B15: 더샵탕정인피니티시티 3차 | C15: 세광도기 | D15: '2027.02 | F15: CC768N | H15: 116 | I15: 89735 | J15: 31.9 | K15: =IFERROR(J15*H15,"0") -> 3700.4 | L15: =IFERROR(K15/1000,"0") -> 3.7004 | M15: =I15*H15 -> 10409260 | P15: 김정완 | Q15: 투피스 | R15: 위생도기 | S15: 조재민
A16: 포스코건설 | B16: 더샵탕정인피니티시티 3차 | C16: 세광도기 | D16: '2027.02 | F16: CL520Q | H16: 294 | I16: 12729 | J16: 0 | K16: =IFERROR(J16*H16,"0") -> 0 | L16: =IFERROR(K16/1000,"0") -> 0 | M16: =I16*H16 -> 3742326 | P16: 김정완 | Q16: 페데스탈 | R16: 상품 | S16: 조재민
A17: 포스코건설 | B17: 더샵탕정인피니티시티 3차 | C17: 세광도기 | D17: '2027.02 | F17: CLL755S | H17: 294 | I17: 55740 | J17: 14 | K17: =IFERROR(J17*H17,"0") -> 4116 | L17: =IFERROR(K17/1000,"0") -> 4.116 | M17: =I17*H17 -> 16387560 | P17: 김정완 | Q17: 벽붙이세면기 | R17: 위생도기 | S17: 조재민
A18: 중흥건설 | B18: 검단 중흥S클래스 에듀파크 | C18: 태욱 | D18: '2026.10 | F18: DST-680 | H18: 534 | I18: 179695 | K18: =IFERROR(J18*H18,"0") -> 0 | L18: =IFERROR(K18/1000,"0") -> 0 | M18: =I18*H18 -> 95957130 | N18: 일반 도소매 사양 | P18: 김혜림 | Q18: 일체형비데 | R18: 비데
A19: 모아종합건설 | B19: 강릉 모아미래도 오션리버 옵션품번 | C19: 중마타일 | D19: '2026.10 | F19: DST-670 | H19: 121 | I19: 162193 | K19: =IFERROR(J19*H19,"0") -> 0 | L19: =IFERROR(K19/1000,"0") -> 0 | M19: =I19*H19 -> 19625353 | N19: 일반 도소매 사양 | O19: 옵션수량 변동가능성 有 | P19: 김혜림 | Q19: 일체형비데 | R19: 비데
A20: 롯데건설 | B20: 양정 롯데캐슬 프론티엘 | C20: 티엔씨시스템 | D20: '2026.07 | F20: CLR470F | H20: 166 | I20: 74727 | J20: 16.5 | K20: =IFERROR(J20*H20,"0") -> 2739 | L20: =IFERROR(K20/1000,"0") -> 2.739 | M20: =I20*H20 -> 12404682 | O20: 별도(우측)폽업 / 3구 오버홀 구멍 | P20: 백세현 | Q20: 카운터세면기 | R20: 위생도기
A21: 호반건설 | B21: 제주도 위파크 제주 | C21: 기흔인터내셔널 | D21: '2027.05 | F21: DST670BR | H21: 140 | I21: 171001 | K21: =IFERROR(J21*H21,"0") -> 0 | L21: =IFERROR(K21/1000,"0") -> 0 | M21: =I21*H21 -> 23940140 | N21: 바타입리모컨(DST660용 리모컨) | P21: 백세현 | Q21: 일체형비데 | R21: 비데
A22: 포스코건설 | B22: 분당 무지개마을 4단지 리모델링 | C22: 세광도기 | D22: '2026.08 | F22: CC768N | H22: 563 | I22: 165600 | J22: 31.9 | K22: =IFERROR(J22*H22,"0") -> 17959.7 | L22: =IFERROR(K22/1000,"0") -> 17.9597 | M22: =I22*H22 -> 93232800 | O22: 시트(416D),양부속 포함 | P22: 김정완 | Q22: 투피스 | R22: 위생도기
A23: 포스코건설 | B23: 분당 무지개마을 4단지 리모델링 | C23: 세광도기 | D23: '2026.08 | F23: CC214 | H23: 563 | I23: 259200 | J23: 37 | K23: =IFERROR(J23*H23,"0") -> 20831 | L23: =IFERROR(K23/1000,"0") -> 20.831 | M23: =I23*H23 -> 145929600 | O23: 시트제외 | P23: 김정완 | Q23: 원피스 | R23: 위생도기
A24: 포스코건설 | B24: 분당 무지개마을 4단지 리모델링 | C24: 세광도기 | D24: '2026.08 | F24: CLL755S | H24: 1126 | I24: 78300 | J24: 14 | K24: =IFERROR(J24*H24,"0") -> 15764 | L24: =IFERROR(K24/1000,"0") -> 15.764 | M24: =I24*H24 -> 88165800 | O24: 좌측별도폽업 / ABS반다리,비누대 포함 | P24: 김정완 | Q24: 벽붙이세면기 | R24: 위생도기
A25: 디자인안채 | B25: 이비스 스타일 앰배서더 서울 명동 호텔 | C25: 바스플러스 | D25: '2026.01 | F25: DST680 | H25: 72 | I25: 134000 | J25: - | K25: =IFERROR(J25*H25,"0") -> 0 | L25: =IFERROR(K25/1000,"0") -> 0 | M25: =I25*H25 -> 9648000 | O25: 설치비 제외 / 후렌지, 앵글밸브 제외 | P25: 조동욱 | Q25: 일체형비데 | R25: 비데 | S25: 윤영재
A26: 디자인안채 | B26: 이비스 스타일 앰배서더 서울 명동 호텔 | C26: 바스플러스 | D26: '2026.01 | F26: CC670EKT | H26: 72 | I26: 200000 | J26: 29 | K26: =IFERROR(J26*H26,"0") -> 2088 | L26: =IFERROR(K26/1000,"0") -> 2.088 | M26: =I26*H26 -> 14400000 | O26: 설치비 제외 / 후렌지, 앵글밸브 제외 | P26: 조동욱 | Q26: 일체형양변기 | R26: 위생도기 | S26: 윤영재
A27: 디자인안채 | B27: 이비스 스타일 앰배서더 서울 명동 호텔 | C27: 바스플러스 | D27: '2026.02 | F27: DST680 | H27: 72 | I27: 134000 | J27: - | K27: =IFERROR(J27*H27,"0") -> 0 | L27: =IFERROR(K27/1000,"0") -> 0 | M27: =I27*H27 -> 9648000 | O27: 설치비 제외 / 후렌지, 앵글밸브 제외 | P27: 조동욱 | Q27: 일체형비데 | R27: 비데 | S27: 윤영재
A28: 디자인안채 | B28: 이비스 스타일 앰배서더 서울 명동 호텔 | C28: 바스플러스 | D28: '2026.02 | F28: CC670EKT | H28: 72 | I28: 200000 | J28: 29 | K28: =IFERROR(J28*H28,"0") -> 2088 | L28: =IFERROR(K28/1000,"0") -> 2.088 | M28: =I28*H28 -> 14400000 | O28: 설치비 제외 / 후렌지, 앵글밸브 제외 | P28: 조동욱 | Q28: 일체형양변기 | R28: 위생도기 | S28: 윤영재
A29: 디자인안채 | B29: 이비스 스타일 앰배서더 서울 명동 호텔 | C29: 바스플러스 | D29: '2026.03 | F29: DST680 | H29: 34 | I29: 134000 | J29: - | K29: =IFERROR(J29*H29,"0") -> 0 | L29: =IFERROR(K29/1000,"0") -> 0 | M29: =I29*H29 -> 4556000 | O29: 설치비 제외 / 후렌지, 앵글밸브 제외 | P29: 조동욱 | Q29: 일체형비데 | R29: 비데 | S29: 윤영재
A30: 디자인안채 | B30: 이비스 스타일 앰배서더 서울 명동 호텔 | C30: 바스플러스 | D30: '2026.03 | F30: CC670EKT | H30: 34 | I30: 200000 | J30: 29 | K30: =IFERROR(J30*H30,"0") -> 986 | L30: =IFERROR(K30/1000,"0") -> 0.986 | M30: =I30*H30 -> 6800000 | O30: 설치비 제외 / 후렌지, 앵글밸브 제외 | P30: 조동욱 | Q30: 일체형양변기 | R30: 위생도기 | S30: 윤영재
A31: 유림 | B31: 울산 노르웨이숲 | C31: 하나도기타일 | D31: '2026.04 | F31: DST-1300LS | H31: 840 | I31: 129690 | K31: =IFERROR(J31*H31,"0") -> 0 | L31: =IFERROR(K31/1000,"0") -> 0 | M31: =I31*H31 -> 108939600 | P31: 이승현2 | Q31: 분리형비데 | R31: 비데
A32: LH | B32: 경기 고양 창릉 S-5BL | C32: 은문 | D32: '2027.08 | F32: CC260 | H32: 15 | I32: 234564.8 | J32: 42.3 | K32: =IFERROR(J32*H32,"0") -> 634.5 | L32: =IFERROR(K32/1000,"0") -> 0.6345 | M32: =I32*H32 -> 3518472 | O32: 댐핑시트(416D),부속(대소구분레버),주공용정심후렌지1EA,1구역류방지앵글밸브1EA 포함 | P32: 백성렬 | Q32: 원피스 | R32: 위생도기 | S32: 박기진
A33: LH | B33: 경기 고양 창릉 S-5BL | C33: 은문 | D33: '2027.08 | F33: DL-P4010 | H33: 15 | I33: 3753 | J33: 0 | K33: =IFERROR(J33*H33,"0") -> 0 | L33: =IFERROR(K33/1000,"0") -> 0 | M33: =I33*H33 -> 56295 | O33: 댐핑시트(416D),부속(대소구분레버),주공용정심후렌지1EA,1구역류방지앵글밸브1EA 포함 | P33: 백성렬 | Q33: 기타수전 | R33: 수전 | S33: 박기진
A34: LH | B34: 경기 고양 창릉 S-5BL | C34: 은문 | D34: '2027.08 | F34: CC260 | H34: 1518 | I34: 236967.2 | J34: 42.3 | K34: =IFERROR(J34*H34,"0") -> 64211.4 | L34: =IFERROR(K34/1000,"0") -> 64.2114 | M34: =I34*H34 -> 3.5971621e+08 | O34: 시트제외/부속(대소구분레버),주공용정심후렌지1EA,1구역류방지앵글밸브1EA, 슬림뚜껑 포함 | P34: 백성렬 | Q34: 원피스 | R34: 위생도기 | S34: 박기진
A35: LH | B35: 경기 고양 창릉 S-5BL | C35: 은문 | D35: '2027.08 | F35: DL-P4010 | H35: 1518 | I35: 3791.5 | J35: 0 | K35: =IFERROR(J35*H35,"0") -> 0 | L35: =IFERROR(K35/1000,"0") -> 0 | M35: =I35*H35 -> 5755497 | O35: 시트제외/부속(대소구분레버),주공용정심후렌지1EA,1구역류방지앵글밸브1EA 포함 | P35: 백성렬 | Q35: 기타수전 | R35: 수전 | S35: 박기진
A36: LH | B36: 경기 고양 창릉 S-5BL | C36: 은문 | D36: '2027.08 | F36: CL463D | H36: 1529 | I36: 73300.2 | J36: 14.7 | K36: =IFERROR(J36*H36,"0") -> 22476.3 | L36: =IFERROR(K36/1000,"0") -> 22.4763 | M36: =I36*H36 -> 1.1207601e+08 | O36: 비누대 포함/하부장 별도 | P36: 백성렬 | Q36: 탑볼 | R36: 위생도기 | S36: 박기진
A37: LH | B37: 경기 고양 창릉 S-5BL | C37: 은문 | D37: '2027.08 | F37: DL-F15445 | H37: 1514 | I37: 175500 | J37: 0 | K37: =IFERROR(J37*H37,"0") -> 0 | L37: =IFERROR(K37/1000,"0") -> 0 | M37: =I37*H37 -> 265707000 | O37: 하부장, 설치비(16천원)제외 | P37: 백성렬 | Q37: 세면기하부장 | R37: 상품 | S37: 박기진
A38: LH | B38: 경기 고양 창릉 S-5BL | C38: 은문 | D38: '2027.08 | F38: CC740G1 | H38: 29 | I38: 197413 | J38: 36 | K38: =IFERROR(J38*H38,"0") -> 1044 | L38: =IFERROR(K38/1000,"0") -> 1.044 | M38: =I38*H38 -> 5724977 | O38: 댐핑시트(416D),부속(1등급레버),주공용정심후렌지1EA,1구역류방지앵글밸브1EA 포함 | P38: 백성렬 | Q38: 치마형투피스 | R38: 위생도기 | S38: 박기진
A39: LH | B39: 경기 고양 창릉 S-5BL | C39: 은문 | D39: '2027.08 | F39: DL-P4010 | H39: 29 | I39: 4049.5 | J39: 0 | K39: =IFERROR(J39*H39,"0") -> 0 | L39: =IFERROR(K39/1000,"0") -> 0 | M39: =I39*H39 -> 117435.5 | O39: 댐핑시트(416D),부속(1등급레버),주공용정심후렌지1EA,1구역류방지앵글밸브1EA 포함 | P39: 백성렬 | Q39: 기타수전 | R39: 수전 | S39: 박기진
A40: LH | B40: 경기 고양 창릉 S-5BL | C40: 은문 | D40: '2027.08 | F40: DL-A9054 | H40: 49 | I40: 9900 | J40: 0 | K40: =IFERROR(J40*H40,"0") -> 0 | L40: =IFERROR(K40/1000,"0") -> 0 | M40: =I40*H40 -> 485100 | O40: 롤형휴지걸이 | P40: 백성렬 | Q40: 액세서리 | R40: 수전 | S40: 박기진
A41: LH | B41: 경기 고양 창릉 S-5BL | C41: 은문 | D41: '2027.08 | F41: CL423 | H41: 12 | I41: 96518.1 | J41: 14.7 | K41: =IFERROR(J41*H41,"0") -> 176.4 | L41: =IFERROR(K41/1000,"0") -> 0.1764 | M41: =I41*H41 -> 1158217.2 | O41: 높낮이조절장치, 설치 제외/장애인용 세면기/앙카 포함 | P41: 백성렬 | Q41: 평면붙임세면기 | R41: 위생도기 | S41: 박기진
A42: LH | B42: 경기 고양 창릉 S-5BL | C42: 은문 | D42: '2027.08 | F42: CL755S | H42: 31 | I42: 66507.4 | J42: 14 | K42: =IFERROR(J42*H42,"0") -> 434 | L42: =IFERROR(K42/1000,"0") -> 0.434 | M42: =I42*H42 -> 2061729.4 | O42: ABS반다리, 비누대 앙카 포함 | P42: 백성렬 | Q42: 벽붙이세면기 | R42: 위생도기 | S42: 박기진
A43: LH | B43: 경기 고양 창릉 S-5BL | C43: 은문 | D43: '2027.08 | F43: CL520Q | H43: 31 | I43: 15187.5 | J43: 0 | K43: =IFERROR(J43*H43,"0") -> 0 | L43: =IFERROR(K43/1000,"0") -> 0 | M43: =I43*H43 -> 470812.5 | O43: ABS반다리, 비누대 앙카 포함 | P43: 백성렬 | Q43: 페데스탈 | R43: OEM | S43: 박기진
... A62: DL이앤씨 | B62: 충남 e편한세상 탕정 마크센텀 | C62: 직납 | D62: '2027.07 | F62: DL-G4441 | H62: 1710 | I62: 15000 | J62: 0 | K62: =IFERROR(J62*H62,"0") -> 0 | L62: =IFERROR(K62/1000,"0") -> 0 | M62: =I62*H62 -> 25650000 | O62: 냉수 | P62: 박준혁 | Q62: 기타수전 | R62: 수전 | S62: 윤영재
A63: DL이앤씨 | B63: 충남 e편한세상 탕정 마크센텀 | C63: 직납 | D63: '2027.07 | F63: DA-12990T | H63: 3420 | I63: 22000 | J63: 0 | K63: =IFERROR(J63*H63,"0") -> 0 | L63: =IFERROR(K63/1000,"0") -> 0 | M63: =I63*H63 -> 75240000 | P63: 박준혁 | Q63: 액세서리 | R63: 수전 | S63: 윤영재
A64: DL이앤씨 | B64: 충남 e편한세상 탕정 마크센텀 | C64: 직납 | D64: '2027.07 | F64: DL-K6219 | H64: 1710 | I64: 55717.3 | J64: 0 | K64: =IFERROR(J64*H64,"0") -> 0 | L64: =IFERROR(K64/1000,"0") -> 0 | M64: =I64*H64 -> 95276583 | O64: - 앵글밸브 제외 | P64: 박준혁 | Q64: 주방수전 | R64: 수전 | S64: 윤영재
A65: DL이앤씨 | B65: 충남 e편한세상 탕정 마크센텀 | C65: 직납 | D65: '2027.07 | F65: DL-S4609 | H65: 1710 | I65: 6282.7 | J65: 0 | K65: =IFERROR(J65*H65,"0") -> 0 | L65: =IFERROR(K65/1000,"0") -> 0 | M65: =I65*H65 -> 10743417 | O65: - 앵글밸브 제외 | P65: 박준혁 | Q65: 기타수전 | R65: 수전 | S65: 윤영재
A66: DL이앤씨 | B66: 충남 e편한세상 탕정 마크센텀 | C66: 직납 | D66: '2027.07 | F66: DL-P4049 | H66: 1710 | I66: 5803.9 | J66: 0 | K66: =IFERROR(J66*H66,"0") -> 0 | L66: =IFERROR(K66/1000,"0") -> 0 | M66: =I66*H66 -> 9924669 | O66: - S4551 안마헤드 적용, S4106 슬라이드바 포함, 메탈호스(2.0M) 적용 | P66: 박준혁 | Q66: 기타수전 | R66: 수전 | S66: 윤영재
A67: DL이앤씨 | B67: 충남 e편한세상 탕정 마크센텀 | C67: 직납 | D67: '2027.07 | F67: DL-S4551 | H67: 1710 | I67: 14800 | J67: 0 | K67: =IFERROR(J67*H67,"0") -> 0 | L67: =IFERROR(K67/1000,"0") -> 0 | M67: =I67*H67 -> 25308000 | O67: - S4551 안마헤드 적용, S4106 슬라이드바 포함, 메탈호스(2.0M) 적용 | P67: 박준혁 | Q67: 기타수전 | R67: 수전 | S67: 윤영재
A68: DL이앤씨 | B68: 충남 e편한세상 탕정 마크센텀 | C68: 직납 | D68: '2027.07 | F68: DL-S4106 | H68: 1710 | I68: 14364.7 | J68: 0 | K68: =IFERROR(J68*H68,"0") -> 0 | L68: =IFERROR(K68/1000,"0") -> 0 | M68: =I68*H68 -> 24563637 | O68: - S4551 안마헤드 적용, S4106 슬라이드바 포함, 메탈호스(2.0M) 적용 | P68: 박준혁 | Q68: 기타수전 | R68: 수전 | S68: 윤영재
A69: DL이앤씨 | B69: 충남 e편한세상 탕정 마크센텀 | C69: 직납 | D69: '2027.07 | F69: DL-P4202 | H69: 1710 | I69: 6021.6 | J69: 0 | K69: =IFERROR(J69*H69,"0") -> 0 | L69: =IFERROR(K69/1000,"0") -> 0 | M69: =I69*H69 -> 10296936 | O69: - S4551 안마헤드 적용, S4106 슬라이드바 포함, 메탈호스(2.0M) 적용 | P69: 박준혁 | Q69: 기타수전 | R69: 수전 | S69: 윤영재
A70: DL이앤씨 | B70: 충남 e편한세상 탕정 마크센텀 | C70: 직납 | D70: '2027.07 | F70: DL-B7014 | H70: 1710 | I70: 70009.8 | J70: 0 | K70: =IFERROR(J70*H70,"0") -> 0 | L70: =IFERROR(K70/1000,"0") -> 0 | M70: =I70*H70 -> 119716758 | O70: - S4551 안마헤드 적용, S4106 슬라이드바 포함, 메탈호스(2.0M) 적용 | P70: 박준혁 | Q70: 레인샤워 | R70: 수전 | S70: 윤영재
A71: DL이앤씨 | B71: 충남 e편한세상 탕정 마크센텀 | C71: 직납 | D71: '2027.07 | F71: CLR339 | H71: 1710 | I71: 59266.1 | J71: 15.6 | K71: =IFERROR(J71*H71,"0") -> 26676 | L71: =IFERROR(K71/1000,"0") -> 26.676 | M71: =I71*H71 -> 101345031 | O71: - ABS반다리 적용 / 우측 별도 폽업 | P71: 박준혁 | Q71: 벽붙이세면기 | R71: 위생도기 | S71: 윤영재
A72: DL이앤씨 | B72: 충남 e편한세상 탕정 마크센텀 | C72: 직납 | D72: '2027.07 | F72: CL333P | H72: 1710 | I72: 13334.9 | J72: 0 | K72: =IFERROR(J72*H72,"0") -> 0 | L72: =IFERROR(K72/1000,"0") -> 0 | M72: =I72*H72 -> 22802679 | O72: - ABS반다리 적용 / 우측 별도 폽업 | P72: 박준혁 | Q72: 페데스탈 | R72: OEM | S72: 윤영재
A73: DL이앤씨 | B73: 충남 e편한세상 탕정 마크센텀 | C73: 직납 | D73: '2027.07 | F73: DL-P4020 | H73: 3420 | I73: 6224.5 | J73: 0 | K73: =IFERROR(J73*H73,"0") -> 0 | L73: =IFERROR(K73/1000,"0") -> 0 | M73: =I73*H73 -> 21287790 | O73: - 앵글밸브 70파이 왕 적용 | P73: 박준혁 | Q73: 기타수전 | R73: 수전 | S73: 윤영재
A74: DL이앤씨 | B74: 충남 e편한세상 탕정 마크센텀 | C74: 직납 | D74: '2027.07 | F74: DL-P4031 | H74: 3420 | I74: 5187 | J74: 0 | K74: =IFERROR(J74*H74,"0") -> 0 | L74: =IFERROR(K74/1000,"0") -> 0 | M74: =I74*H74 -> 17739540 | O74: - 앵글밸브 70파이 왕 적용 | P74: 박준혁 | Q74: 기타수전 | R74: 수전 | S74: 윤영재
A75: DL이앤씨 | B75: 충남 e편한세상 탕정 마크센텀 | C75: 직납 | D75: '2027.07 | F75: DL-P4411 | H75: 3420 | I75: 1098.4 | J75: 0 | K75: =IFERROR(J75*H75,"0") -> 0 | L75: =IFERROR(K75/1000,"0") -> 0 | M75: =I75*H75 -> 3756528 | O75: - 앵글밸브 70파이 왕 적용 | P75: 박준혁 | Q75: 기타수전 | R75: 수전 | S75: 윤영재
... A79: DL이앤씨 | B79: 충남 e편한세상 탕정 마크센텀 | C79: 직납 | D79: '2027.07 | F79: DL-P4010 | H79: 3420 | I79: 2196.9 | J79: 0 | K79: =IFERROR(J79*H79,"0") -> 0 | L79: =IFERROR(K79/1000,"0") -> 0 | M79: =I79*H79 -> 7513398 | O79: - 앵글밸브 70파이 왕 적용 | P79: 박준혁 | Q79: 기타수전 | R79: 수전 | S79: 윤영재
A80: DL이앤씨 | B80: 충남 e편한세상 탕정 마크센텀 | C80: 직납 | D80: '2027.07 | F80: DA-14066 | H80: 1710 | I80: 17000 | J80: 0 | K80: =IFERROR(J80*H80,"0") -> 0 | L80: =IFERROR(K80/1000,"0") -> 0 | M80: =I80*H80 -> 29070000 | P80: 박준혁 | Q80: 액세서리 | R80: 수전 | S80: 윤영재
A81: DL이앤씨 | B81: 충남 e편한세상 탕정 마크센텀 | C81: 직납 | D81: '2027.07 | F81: CLR336N | H81: 1710 | I81: 45280.9 | J81: 11.8 | K81: =IFERROR(J81*H81,"0") -> 20178 | L81: =IFERROR(K81/1000,"0") -> 20.178 | M81: =I81*H81 -> 77430339 | O81: - ABS반다리 적용, 우측 별도 폽업 | P81: 박준혁 | Q81: 벽붙이세면기 | R81: 위생도기 | S81: 윤영재
A82: DL이앤씨 | B82: 충남 e편한세상 탕정 마크센텀 | C82: 직납 | D82: '2027.07 | F82: CL336P | H82: 1710 | I82: 13323 | J82: 0 | K82: =IFERROR(J82*H82,"0") -> 0 | L82: =IFERROR(K82/1000,"0") -> 0 | M82: =I82*H82 -> 22782330 | O82: - ABS반다리 적용, 우측 별도 폽업 | P82: 박준혁 | Q82: 페데스탈 | R82: OEM | S82: 윤영재
A83: DL이앤씨 | B83: 충남 e편한세상 탕정 마크센텀 | C83: 직납 | D83: '2027.07 | F83: DL-G4443 | H83: 1710 | I83: 8000 | J83: 0 | K83: =IFERROR(J83*H83,"0") -> 0 | L83: =IFERROR(K83/1000,"0") -> 0 | M83: =I83*H83 -> 13680000 | O83: 온수 | P83: 박준혁 | Q83: 기타수전 | R83: 수전 | S83: 윤영재
A84: DL이앤씨 | B84: 충남 e편한세상 탕정 마크센텀 | C84: 직납 | D84: '2027.07 | F84: DA-12060 | H84: 3420 | I84: 14000 | J84: 0 | K84: =IFERROR(J84*H84,"0") -> 0 | L84: =IFERROR(K84/1000,"0") -> 0 | M84: =I84*H84 -> 47880000 | O84: _x000D_ | P84: 박준혁 | Q84: 액세서리 | R84: 수전 | S84: 윤영재
A85: DL이앤씨 | B85: 충남 e편한세상 탕정 마크센텀 | C85: 직납 | D85: '2027.07 | F85: CC767N | H85: 3420 | I85: 110674 | J85: 32 | K85: =IFERROR(J85*H85,"0") -> 109440 | L85: =IFERROR(K85/1000,"0") -> 109.44 | M85: =I85*H85 -> 378505080 | O85: - 시트, 부속 포함 / 앵글밸브 70파이 왕 적용 | P85: 박준혁 | Q85: 투피스 | R85: 위생도기 | S85: 윤영재
A86: DL이앤씨 | B86: 충남 e편한세상 탕정 마크센텀 | C86: 직납 | D86: '2027.07 | F86: DL-P4010 | H86: 3420 | I86: 2303.1 | J86: 0 | K86: =IFERROR(J86*H86,"0") -> 0 | L86: =IFERROR(K86/1000,"0") -> 0 | M86: =I86*H86 -> 7876602 | O86: - 시트, 부속 포함 / 앵글밸브 70파이 왕 적용 | P86: 박준혁 | Q86: 기타수전 | R86: 수전 | S86: 윤영재
A87: LH | B87: 성남 금토 A4블럭신혼희망타운 | C87: 세일도기 | D87: '2026.11 | F87: DST1300A | H87: 1150 | I87: 126000 | J87: 0 | K87: =IFERROR(J87*H87,"0") -> 0 | L87: =IFERROR(K87/1000,"0") -> 0 | M87: =I87*H87 -> 144900000 | O87: 설치비(12천원)제외/DST-1300A제품(누전차단) | P87: 금지현 | Q87: 분리형비데 | R87: 비데 | S87: 박기진
A88: LH | B88: 경기 의왕 청계2 A-1BL | C88: 케이디시스템 | D88: '2026.11 | F88: DST1300A | H88: 480 | I88: 135000 | J88: 0 | K88: =IFERROR(J88*H88,"0") -> 0 | L88: =IFERROR(K88/1000,"0") -> 0 | M88: =I88*H88 -> 64800000 | O88: 비데설치비(12천원)제외/DST-1300A제품(누전차단) | P88: 김정완 | Q88: 분리형비데 | R88: 비데 | S88: 박기진
A89: LH | B89: 경기 의왕 청계2 A-1BL | C89: 케이디시스템 | D89: '2026.11 | F89: DL-L3210 | H89: 480 | I89: 40985.7 | J89: 0 | K89: =IFERROR(J89*H89,"0") -> 0 | L89: =IFERROR(K89/1000,"0") -> 0 | M89: =I89*H89 -> 19673136 | O89: 수동폽업,P트랩,1구 역류방지 앵글밸브2EA 포함 | P89: 김정완 | Q89: 세면수전 | R89: 수전 | S89: 박기진
A90: LH | B90: 경기 의왕 청계2 A-1BL | C90: 케이디시스템 | D90: '2026.11 | F90: DL-P4020 | H90: 480 | I90: 11557.3 | J90: 0 | K90: =IFERROR(J90*H90,"0") -> 0 | L90: =IFERROR(K90/1000,"0") -> 0 | M90: =I90*H90 -> 5547504 | O90: 수동폽업,P트랩,1구 역류방지 앵글밸브2EA 포함 | P90: 김정완 | Q90: 기타수전 | R90: 수전 | S90: 박기진
A91: LH | B91: 경기 의왕 청계2 A-1BL | C91: 케이디시스템 | D91: '2026.11 | F91: DL-P4031 | H91: 480 | I91: 9096 | J91: 0 | K91: =IFERROR(J91*H91,"0") -> 0 | L91: =IFERROR(K91/1000,"0") -> 0 | M91: =I91*H91 -> 4366080 | O91: 수동폽업,P트랩,1구 역류방지 앵글밸브2EA 포함 | P91: 김정완 | Q91: 기타수전 | R91: 수전 | S91: 박기진
A92: LH | B92: 경기 의왕 청계2 A-1BL | C92: 케이디시스템 | D92: '2026.11 | F92: DL-P4010 | H92: 480 | I92: 4280.5 | J92: 0 | K92: =IFERROR(J92*H92,"0") -> 0 | L92: =IFERROR(K92/1000,"0") -> 0 | M92: =I92*H92 -> 2054640 | O92: 수동폽업,P트랩,1구 역류방지 앵글밸브2EA 포함 | P92: 김정완 | Q92: 기타수전 | R92: 수전 | S92: 박기진
... A164: 다원앤컴퍼니 | B164: 남한강에스파크CC | C164: 세광도기 | D164: '2026.02 | F164: DL-G4545 | H164: 16 | I164: 6600 | J164: 0 | K164: =IFERROR(J164*H164,"0") -> 0 | L164: =IFERROR(K164/1000,"0") -> 0 | M164: =I164*H164 -> 105600 | O164: 냉수 | P164: 김정완 | Q164: 기타수전 | R164: 수전 | S164: 김주석
A165: 다원앤컴퍼니 | B165: 남한강에스파크CC | C165: 세광도기 | D165: '2026.02 | F165: DL-A9056 | H165: 13 | I165: 20000 | J165: 0 | K165: =IFERROR(J165*H165,"0") -> 0 | L165: =IFERROR(K165/1000,"0") -> 0 | M165: =I165*H165 -> 260000 | P165: 김정완 | Q165: 기타수전 | R165: 수전 | S165: 김주석
A166: 우미건설 | B166: 청주지북1,2차 A1,A3 BL | C166: 청우타이루 | D166: '2028.03 | F166: CC201V | H166: 2402 | I166: 51818 | J166: 35 | K166: =IFERROR(J166*H166,"0") -> 84070 | L166: =IFERROR(K166/1000,"0") -> 84.07 | M166: =I166*H166 -> 124466836 | O166: 시트(416D),양부속 포함 / 2구앵글밸브 포함 | P166: 박진오 | Q166: 바트라 | R166: OEM | S166: 조재민
A167: 우미건설 | B167: 청주지북1,2차 A1,A3 BL | C167: 청우타이루 | D167: '2028.03 | F167: DL-P4070 | H167: 2402 | I167: 8252.5 | J167: 0 | K167: =IFERROR(J167*H167,"0") -> 0 | L167: =IFERROR(K167/1000,"0") -> 0 | M167: =I167*H167 -> 19822505 | O167: 시트(416D),양부속 포함 / 2구앵글밸브 포함 | P167: 박진오 | Q167: 기타수전 | R167: 수전 | S167: 조재민
A168: 우미건설 | B168: 세종2차 M3BL | C168: 청우타이루 | D168: '2027.09 | F168: CC201V | H168: 2220 | I168: 51818 | J168: 35 | K168: =IFERROR(J168*H168,"0") -> 77700 | L168: =IFERROR(K168/1000,"0") -> 77.7 | M168: =I168*H168 -> 115035960 | O168: 시트(416D),양부속 포함 / 2구앵글밸브 포함 | P168: 박진오 | Q168: 바트라 | R168: OEM | S168: 조재민
A169: 우미건설 | B169: 세종2차 M3BL | C169: 청우타이루 | D169: '2027.09 | F169: DL-P4070 | H169: 2220 | I169: 8252.5 | J169: 0 | K169: =IFERROR(J169*H169,"0") -> 0 | L169: =IFERROR(K169/1000,"0") -> 0 | M169: =I169*H169 -> 18320550 | O169: 시트(416D),양부속 포함 / 2구앵글밸브 포함 | P169: 박진오 | Q169: 기타수전 | R169: 수전 | S169: 조재민
A170: 우미건설 | B170: 울산다운3차 B3BL | C170: 청우타이루 | D170: '2027.06 | F170: CC201V | H170: 1304 | I170: 51818 | J170: 35 | K170: =IFERROR(J170*H170,"0") -> 45640 | L170: =IFERROR(K170/1000,"0") -> 45.64 | M170: =I170*H170 -> 67570672 | O170: 시트(416D),양부속 포함 / 2구앵글밸브 포함 | P170: 박진오 | Q170: 바트라 | R170: OEM | S170: 조재민
A171: 우미건설 | B171: 울산다운3차 B3BL | C171: 청우타이루 | D171: '2027.06 | F171: DL-P4070 | H171: 1304 | I171: 8252.5 | J171: 0 | K171: =IFERROR(J171*H171,"0") -> 0 | L171: =IFERROR(K171/1000,"0") -> 0 | M171: =I171*H171 -> 10761260 | O171: 시트(416D),양부속 포함 / 2구앵글밸브 포함 | P171: 박진오 | Q171: 기타수전 | R171: 수전 | S171: 조재민
A172: 대우건설 | B172: 왕숙 푸르지오 더퍼스트 B-2BL | C172: 하나도기 | D172: '2027.11 | F172: CC214 | H172: 1057 | I172: 184191.3 | J172: 36.9 | K172: =IFERROR(J172*H172,"0") -> 39003.3 | L172: =IFERROR(K172/1000,"0") -> 39.0033 | M172: =I172*H172 -> 1.946902e+08 | O172: 부속(대소구분레버),신형정심후렌지(202VN)1EA,앵글밸브1EA포함/시트제외 | P172: 이승현2 | Q172: 원피스 | R172: 위생도기 | S172: 김주석
A173: 대우건설 | B173: 왕숙 푸르지오 더퍼스트 B-2BL | C173: 하나도기 | D173: '2027.11 | F173: DL-P4010 | H173: 1057 | I173: 2883 | J173: 0 | K173: =IFERROR(J173*H173,"0") -> 0 | L173: =IFERROR(K173/1000,"0") -> 0 | M173: =I173*H173 -> 3047331 | O173: 부속(대소구분레버),신형정심후렌지(202VN)1EA,앵글밸브1EA포함/시트제외 | P173: 이승현2 | Q173: 기타수전 | R173: 수전 | S173: 김주석
A174: 대우건설 | B174: 왕숙 푸르지오 더퍼스트 B-2BL | C174: 하나도기 | D174: '2027.11 | F174: CL336P | H174: 852 | I174: 12380.5 | J174: 0 | K174: =IFERROR(J174*H174,"0") -> 0 | L174: =IFERROR(K174/1000,"0") -> 0 | M174: =I174*H174 -> 10548186 | O174: ABS반다리적용,앙카(세면기,반다리)포함/별도폽업타공 | P174: 이승현2 | Q174: 페데스탈 | R174: OEM | S174: 김주석
A175: 대우건설 | B175: 왕숙 푸르지오 더퍼스트 B-2BL | C175: 하나도기 | D175: '2027.11 | F175: CLR336W | H175: 852 | I175: 55833.7 | J175: 15.5 | K175: =IFERROR(J175*H175,"0") -> 13206 | L175: =IFERROR(K175/1000,"0") -> 13.206 | M175: =I175*H175 -> 47570312 | O175: ABS반다리적용,앙카(세면기,반다리)포함/별도폽업타공 | P175: 이승현2 | Q175: 벽붙이세면기 | R175: 위생도기 | S175: 김주석
A176: 대우건설 | B176: 왕숙 푸르지오 더퍼스트 B-2BL | C176: 하나도기 | D176: '2027.11 | F176: CL605 | H176: 322 | I176: 50325 | J176: 9.4 | K176: =IFERROR(J176*H176,"0") -> 3026.8 | L176: =IFERROR(K176/1000,"0") -> 3.0268 | M176: =I176*H176 -> 16204650 | P176: 이승현2 | Q176: 언더카운터 | R176: 위생도기 | S176: 김주석
A177: CJ건설㈜ | B177: 성수동 마스턴 업무시설 | C177: 한일상사 | D177: '2027.01 | F177: CC214 | H177: 84 | I177: 237799.3 | J177: 36.9 | K177: =IFERROR(J177*H177,"0") -> 3099.6 | L177: =IFERROR(K177/1000,"0") -> 3.0996 | M177: =I177*H177 -> 19975141 | O177: 앵글밸브,시트(416D),양부속 포함 | P177: 김세동 | Q177: 원피스 | R177: 위생도기 | S177: 조재민
A178: CJ건설㈜ | B178: 성수동 마스턴 업무시설 | C178: 한일상사 | D178: '2027.01 | F178: DL-P4010 | H178: 84 | I178: 3722.1 | J178: 0 | K178: =IFERROR(J178*H178,"0") -> 0 | L178: =IFERROR(K178/1000,"0") -> 0 | M178: =I178*H178 -> 312656.4 | O178: 앵글밸브,시트(416D),양부속 포함 | P178: 김세동 | Q178: 기타수전 | R178: 수전 | S178: 조재민
A179: CJ건설㈜ | B179: 성수동 마스턴 업무시설 | C179: 한일상사 | D179: '2027.01 | F179: CU511UJ | H179: 27 | I179: 136490.4 | J179: 41.5 | K179: =IFERROR(J179*H179,"0") -> 1120.5 | L179: =IFERROR(K179/1000,"0") -> 1.1205 | M179: =I179*H179 -> 3685240.8 | O179: 배터리식 | P179: 김세동 | Q179: 소변기 | R179: OEM | S179: 조재민
A180: CJ건설㈜ | B180: 성수동 마스턴 업무시설 | C180: 한일상사 | D180: '2027.01 | F180: CL603 | H180: 88 | I180: 73631.3 | J180: 7.2 | K180: =IFERROR(J180*H180,"0") -> 633.6 | L180: =IFERROR(K180/1000,"0") -> 0.6336 | M180: =I180*H180 -> 6479554.4 | O180: 언더카운터 고정부속 포함 | P180: 김세동 | Q180: 언더카운터 | R180: 위생도기 | S180: 조재민
A181: CJ건설㈜ | B181: 성수동 마스턴 업무시설 | C181: 한일상사 | D181: '2027.01 | F181: CS1 | H181: 8 | I181: 118105.3 | J181: 22.5 | K181: =IFERROR(J181*H181,"0") -> 180 | L181: =IFERROR(K181/1000,"0") -> 0.18 | M181: =I181*H181 -> 944842.4 | O181: 소제씽크S트랩,1구 가로꼭지 포함 | P181: 김세동 | Q181: 수채 | R181: 위생도기 | S181: 조재민
A182: CJ건설㈜ | B182: 성수동 마스턴 업무시설 | C182: 한일상사 | D182: '2027.01 | F182: DL-G4645 | H182: 8 | I182: 14494.7 | J182: 0 | K182: =IFERROR(J182*H182,"0") -> 0 | L182: =IFERROR(K182/1000,"0") -> 0 | M182: =I182*H182 -> 115957.6 | O182: 소제씽크S트랩,1구 가로꼭지 포함 | P182: 김세동 | Q182: 기타수전 | R182: 수전 | S182: 조재민
A183: CJ건설㈜ | B183: 성수동 마스턴 업무시설 | C183: 한일상사 | D183: '2027.01 | F183: CL423 | H183: 2 | I183: 100027.9 | J183: 14.7 | K183: =IFERROR(J183*H183,"0") -> 29.4 | L183: =IFERROR(K183/1000,"0") -> 0.0294 | M183: =I183*H183 -> 200055.8 | O183: 세면기 앙카볼트 포함 | P183: 김세동 | Q183: 평면붙임세면기 | R183: 위생도기 | S183: 조재민
A184: CJ건설㈜ | B184: 성수동 마스턴 업무시설 | C184: 한일상사 | D184: '2027.01 | F184: CC114K | H184: 2 | I184: 51653.4 | J184: 19 | K184: =IFERROR(J184*H184,"0") -> 38 | L184: =IFERROR(K184/1000,"0") -> 0.038 | M184: =I184*H184 -> 103306.8 | O184: F/V (TFT-304G),시트(101),스퍼드,후렌지 포함 | P184: 김세동 | Q184: F/V양변기 | R184: OEM | S184: 조재민
A185: CJ건설㈜ | B185: 성수동 마스턴 업무시설 | C185: 한일상사 | D185: '2027.01 | F185: TFT304 | H185: 2 | I185: 114785.3 | J185: 0 | K185: =IFERROR(J185*H185,"0") -> 0 | L185: =IFERROR(K185/1000,"0") -> 0 | M185: =I185*H185 -> 229570.6 | O185: F/V (TFT-304G),시트(101),스퍼드,후렌지 포함 | P185: 김세동 | Q185: 기타수전 | R185: 수전 | S185: 조재민
A186: CJ건설㈜ | B186: 성수동 마스턴 업무시설 | C186: 한일상사 | D186: '2027.01 | F186: DL-A9031 | H186: 92 | I186: 16650 | J186: 0 | K186: =IFERROR(J186*H186,"0") -> 0 | L186: =IFERROR(K186/1000,"0") -> 0 | M186: =I186*H186 -> 1531800 | P186: 김세동 | Q186: 기타수전 | R186: 수전 | S186: 조재민
A187: CJ건설㈜ | B187: 성수동 마스턴 업무시설 | C187: 한일상사 | D187: '2027.01 | F187: DL-A9047 | H187: 86 | I187: 18000 | J187: 0 | K187: =IFERROR(J187*H187,"0") -> 0 | L187: =IFERROR(K187/1000,"0") -> 0 | M187: =I187*H187 -> 1548000 | P187: 김세동 | Q187: 액세서리 | R187: 수전 | S187: 조재민
A188: CJ건설㈜ | B188: 성수동 마스턴 업무시설 | C188: 한일상사 | D188: '2027.01 | F188: DL-L8010 | H188: 2 | I188: 106040.7 | J188: 0 | K188: =IFERROR(J188*H188,"0") -> 0 | L188: =IFERROR(K188/1000,"0") -> 0 | M188: =I188*H188 -> 212081.4 | O188: 자동폽업,P트랩,앵글2EA 포함 | P188: 김세동 | Q188: 세면수전 | R188: 수전 | S188: 조재민
A189: CJ건설㈜ | B189: 성수동 마스턴 업무시설 | C189: 한일상사 | D189: '2027.01 | F189: DL-P4010 | H189: 2 | I189: 3420.7 | J189: 0 | K189: =IFERROR(J189*H189,"0") -> 0 | L189: =IFERROR(K189/1000,"0") -> 0 | M189: =I189*H189 -> 6841.4 | O189: 자동폽업,P트랩,앵글2EA 포함 | P189: 김세동 | Q189: 기타수전 | R189: 수전 | S189: 조재민
A190: CJ건설㈜ | B190: 성수동 마스턴 업무시설 | C190: 한일상사 | D190: '2027.01 | F190: DL-P4010 | H190: 2 | I190: 3420.7 | J190: 0 | K190: =IFERROR(J190*H190,"0") -> 0 | L190: =IFERROR(K190/1000,"0") -> 0 | M190: =I190*H190 -> 6841.4 | O190: 자동폽업,P트랩,앵글2EA 포함 | P190: 김세동 | Q190: 기타수전 | R190: 수전 | S190: 조재민
A191: CJ건설㈜ | B191: 성수동 마스턴 업무시설 | C191: 한일상사 | D191: '2027.01 | F191: DL-P4021 | H191: 2 | I191: 6841.3 | J191: 0 | K191: =IFERROR(J191*H191,"0") -> 0 | L191: =IFERROR(K191/1000,"0") -> 0 | M191: =I191*H191 -> 13682.6 | O191: 자동폽업,P트랩,앵글2EA 포함 | P191: 김세동 | Q191: 기타수전 | R191: 수전 | S191: 조재민
A192: CJ건설㈜ | B192: 성수동 마스턴 업무시설 | C192: 한일상사 | D192: '2027.01 | F192: DL-P4031 | H192: 2 | I192: 8076.6 | J192: 0 | K192: =IFERROR(J192*H192,"0") -> 0 | L192: =IFERROR(K192/1000,"0") -> 0 | M192: =I192*H192 -> 16153.2 | O192: 자동폽업,P트랩,앵글2EA 포함 | P192: 김세동 | Q192: 기타수전 | R192: 수전 | S192: 조재민
...

Sheet 2026 스펙취소
A1: ◎ 바스부문 스펙취소, 중복(2026년) | D1: 1월 | E1: 2월 | F1: 3월 | G1: 4월 | H1: 5월 | I1: 6월 | J1: 7월 | K1: 8월 | L1: 9월 | M1: 10월 | N1: 11월 | O1: 12월 | P1: 합계
D2: =M43 -> 9.8006047e+08 | E2: =M71 -> 662264309 | F2: =M79 -> 40543200 | P2: =SUM(D2:O2) -> 1.682868e+09
S3: (단위 : EA,원)
A4: 건설회사 | B4: 현장명 | C4: 대리점 | D4: 납품예정 | E4: 입주예정 | F4: 품목 | G4: 색상 | H4: 수량 | I4: 대리점가 | J4: 중량(KG) | K4: 총무게(KG) | L4: 총무게(TON) | M4: 금액 | N4: 특수사양 | O4: 비고 | P4: 담당자 | Q4: 품목 | R4: 구분 | S4: SPEC담당
A5: 신영 | B5: 청주 테크노폴리스센트럴 | C5: 하나도기 | D5: '2026.11 | F5: DST-1300LS | H5: 880 | I5: 137700 | K5: =IFERROR(J5*H5,"0") -> 0 | L5: =IFERROR(K5/1000,"0") -> 0 | M5: =I5*H5 -> 121176000 | N5: 일반 도소매 사양 | P5: 이승현2 | Q5: 분리형비데 | R5: 비데
A6: 태영건설 | B6: 군포역세권 복합개발사업 A1BL 지식산업센터 | C6: 진영도기 | D6: '2026.01 | E6: '2026.01 | F6: DL-P4369 | H6: 396 | I6: 20400 | J6: 0 | K6: =IFERROR(J6*H6,"0") -> 0 | L6: =IFERROR(K6/1000,"0") -> 0 | M6: =I6*H6 -> 8078400 | P6: 금지현 | Q6: 기타수전 | R6: 수전 | S6: 박기진
A7: 태영건설 | B7: 군포역세권 복합개발사업 A1BL 지식산업센터 | C7: 진영도기 | D7: '2026.01 | E7: '2026.01 | F7: CC113HD | H7: 873 | I7: 84000 | J7: 25 | K7: =IFERROR(J7*H7,"0") -> 21825 | L7: =IFERROR(K7/1000,"0") -> 21.825 | M7: =I7*H7 -> 73332000 | P7: 금지현 | Q7: F/V양변기 | R7: OEM | S7: 박기진
A8: 태영건설 | B8: 군포역세권 복합개발사업 A1BL 지식산업센터 | C8: 진영도기 | D8: '2026.01 | E8: '2026.01 | F8: TFT304 | H8: 14 | I8: 120000 | J8: 0 | K8: =IFERROR(J8*H8,"0") -> 0 | L8: =IFERROR(K8/1000,"0") -> 0 | M8: =I8*H8 -> 1680000 | P8: 금지현 | Q8: F/V | R8: 수전 | S8: 박기진
A9: 태영건설 | B9: 군포역세권 복합개발사업 A1BL 지식산업센터 | C9: 진영도기 | D9: '2026.01 | E9: '2026.01 | F9: TFT301G | H9: 859 | I9: 45000 | J9: 0 | K9: =IFERROR(J9*H9,"0") -> 0 | L9: =IFERROR(K9/1000,"0") -> 0 | M9: =I9*H9 -> 38655000 | P9: 금지현 | Q9: F/V | R9: 수전 | S9: 박기진
A10: 태영건설 | B10: 군포역세권 복합개발사업 A1BL 지식산업센터 | C10: 진영도기 | D10: '2026.01 | E10: '2026.01 | F10: CC110 | H10: 3 | I10: 131000 | J10: 31 | K10: =IFERROR(J10*H10,"0") -> 93 | L10: =IFERROR(K10/1000,"0") -> 0.093 | M10: =I10*H10 -> 393000 | P10: 금지현 | Q10: OEM | R10: OEM | S10: 박기진
A11: 태영건설 | B11: 군포역세권 복합개발사업 A1BL 지식산업센터 | C11: 진영도기 | D11: '2026.01 | E11: '2026.01 | F11: DL-L8410 | H11: 14 | I11: 98000 | J11: 0 | K11: =IFERROR(J11*H11,"0") -> 0 | L11: =IFERROR(K11/1000,"0") -> 0 | M11: =I11*H11 -> 1372000 | P11: 금지현 | Q11: 세면수전 | R11: 수전 | S11: 박기진
A12: 태영건설 | B12: 군포역세권 복합개발사업 A1BL 지식산업센터 | C12: 진영도기 | D12: '2026.01 | E12: '2026.01 | F12: CL336D | H12: 396 | I12: 68970 | J12: 15.5 | K12: =IFERROR(J12*H12,"0") -> 6138 | L12: =IFERROR(K12/1000,"0") -> 6.138 | M12: =I12*H12 -> 27312120 | P12: 금지현 | Q12: 벽붙이세면기 | R12: 위생도기 | S12: 박기진
A13: 태영건설 | B13: 군포역세권 복합개발사업 A1BL 지식산업센터 | C13: 진영도기 | D13: '2026.01 | E13: '2026.01 | F13: CL603 | H13: 471 | I13: 77000 | J13: 7.2 | K13: =IFERROR(J13*H13,"0") -> 3391.2 | L13: =IFERROR(K13/1000,"0") -> 3.3912 | M13: =I13*H13 -> 36267000 | P13: 금지현 | Q13: 카운터세면기 | R13: 위생도기 | S13: 박기진
A14: 태영건설 | B14: 군포역세권 복합개발사업 A1BL 지식산업센터 | C14: 진영도기 | D14: '2026.01 | E14: '2026.01 | F14: DL-A9024 | H14: 4 | I14: 8800 | J14: 0 | K14: =IFERROR(J14*H14,"0") -> 0 | L14: =IFERROR(K14/1000,"0") -> 0 | M14: =I14*H14 -> 35200 | P14: 금지현 | Q14: 액세서리 | R14: 수전 | S14: 박기진
A15: 모아종합건설 | B15: 강릉 모아미래도 오션리버 | C15: 중마타일 | D15: '2026.07 | F15: CL349V | H15: 122 | I15: 23139 | J15: 15 | K15: =IFERROR(J15*H15,"0") -> 1830 | L15: =IFERROR(K15/1000,"0") -> 1.83 | M15: =I15*H15 -> 2822958 | P15: 김혜림 | Q15: 벽붙이세면기 | R15: OEM | S15: 박기진
A16: 모아종합건설 | B16: 강릉 모아미래도 오션리버 | C16: 중마타일 | D16: '2026.07 | F16: CC201V | H16: 122 | I16: 57000 | J16: 35 | K16: =IFERROR(J16*H16,"0") -> 4270 | L16: =IFERROR(K16/1000,"0") -> 4.27 | M16: =I16*H16 -> 6954000 | P16: 김혜림 | Q16: 바트라 | R16: OEM | S16: 박기진
A17: DL건설 | B17: 평촌 비즈밸리(호계동 지산센터) | C17: 직납 | D17: '2026.10 | F17: CU511PUJ | H17: 139 | I17: 115000 | J17: 40.3 | K17: =IFERROR(J17*H17,"0") -> 5601.7 | L17: =IFERROR(K17/1000,"0") -> 5.6017 | M17: =I17*H17 -> 15985000 | P17: 박준혁 | Q17: 벽걸이소변기 | R17: OEM
A18: 롯데건설 | B18: 롯데캐슬 안산 시그니처 중앙 | C18: 티엔씨시스템 | D18: '2027.06 | F18: CC733 | H18: 791 | I18: 98000 | J18: 44 | K18: =IFERROR(J18*H18,"0") -> 34804 | L18: =IFERROR(K18/1000,"0") -> 34.804 | M18: =I18*H18 -> 77518000 | P18: 백세현 | Q18: 투피스 | R18: OEM | S18: 반동식
A19: 포스코건설 | B19: 부산 더샵 금정위버시티 | C19: 세광도기 | D19: '2026.06 | F19: CC214 | H19: 61 | I19: 209625 | J19: 36.9 | K19: =IFERROR(J19*H19,"0") -> 2250.9 | L19: =IFERROR(K19/1000,"0") -> 2.2509 | M19: =I19*H19 -> 12787125 | P19: 김정완 | Q19: 원피스 | R19: 위생도기 | S19: 조재민
A20: 포스코건설 | B20: 부산 더샵 금정위버시티 | C20: 세광도기 | D20: '2026.06 | F20: CC768N | H20: 61 | I20: 137579 | J20: 31.9 | K20: =IFERROR(J20*H20,"0") -> 1945.9 | L20: =IFERROR(K20/1000,"0") -> 1.9459 | M20: =I20*H20 -> 8392319 | P20: 김정완 | Q20: 투피스 | R20: 위생도기 | S20: 조재민
A21: 포스코건설 | B21: 부산 더샵 금정위버시티 | C21: 세광도기 | D21: '2026.06 | F21: CLL755S | H21: 122 | I21: 55423 | J21: 14 | K21: =IFERROR(J21*H21,"0") -> 1708 | L21: =IFERROR(K21/1000,"0") -> 1.708 | M21: =I21*H21 -> 6761606 | P21: 김정완 | Q21: 벽붙이세면기 | R21: 위생도기 | S21: 조재민
A22: 포스코건설 | B22: 울산 더샵 시에르네 | C22: 세광도기 | D22: '2026.07 | F22: CLL340 | H22: 12 | I22: 85592 | J22: 19 | K22: =IFERROR(J22*H22,"0") -> 228 | L22: =IFERROR(K22/1000,"0") -> 0.228 | M22: =I22*H22 -> 1027104 | P22: 김정완 | Q22: 세미카운터 | R22: 위생도기 | S22: 조재민
A23: 현대건설 | B23: 등촌역_스팩취소 | C23: 직납 | D23: '2026.04 | F23: CL336W | H23: 493 | I23: 64932 | J23: 15.5 | K23: =IFERROR(J23*H23,"0") -> 7641.5 | L23: =IFERROR(K23/1000,"0") -> 7.6415 | M23: =I23*H23 -> 32011476 | P23: 김광제 | Q23: 벽붙이세면기 | R23: 위생도기 | S23: 박성진
A24: 현대건설 | B24: 등촌역_스팩취소 | C24: 직납 | D24: '2026.04 | F24: CL336P | H24: 493 | I24: 14398 | J24: 0 | K24: =IFERROR(J24*H24,"0") -> 0 | L24: =IFERROR(K24/1000,"0") -> 0 | M24: =I24*H24 -> 7098214 | P24: 김광제 | Q24: 페데스탈 | R24: OEM | S24: 박성진
A25: 현대건설 | B25: 등촌역_스팩취소 | C25: 직납 | D25: '2026.04 | F25: CL463 | H25: 55 | I25: 70000 | J25: 14.7 | K25: =IFERROR(J25*H25,"0") -> 808.5 | L25: =IFERROR(K25/1000,"0") -> 0.8085 | M25: =I25*H25 -> 3850000 | P25: 김광제 | Q25: 탑볼 | R25: 위생도기 | S25: 박성진
A26: 현대건설 | B26: 등촌역_스팩취소 | C26: 직납 | D26: '2026.04 | F26: CC740 | H26: 548 | I26: 176321 | J26: 36 | K26: =IFERROR(J26*H26,"0") -> 19728 | L26: =IFERROR(K26/1000,"0") -> 19.728 | M26: =I26*H26 -> 96623908 | O26: 시트제외 | P26: 김광제 | Q26: 치마형투피스 | R26: 위생도기 | S26: 박성진
A27: 현대건설 | B27: 등촌역_스팩취소 | C27: 직납 | D27: '2026.04 | F27: DL-P4010 | H27: 548 | I27: 3255.1 | J27: 0 | K27: =IFERROR(J27*H27,"0") -> 0 | L27: =IFERROR(K27/1000,"0") -> 0 | M27: =I27*H27 -> 1783794.8 | O27: 시트제외 | P27: 김광제 | Q27: 기타수전 | R27: 수전 | S27: 박성진
A28: 포스코건설 | B28: 서울 서초구 서리풀 복합개발사업_스펙취소 | C28: 한일상사 | D28: '2028.08 | F28: CU511UJ | H28: 18 | I28: 116522.3 | J28: 41.5 | K28: =IFERROR(J28*H28,"0") -> 747 | L28: =IFERROR(K28/1000,"0") -> 0.747 | M28: =I28*H28 -> 2097401.4 | O28: P4155 포함 | P28: 김세동 | Q28: 소변기 | R28: OEM | S28: 조재민
A29: 포스코건설 | B29: 서울 서초구 서리풀 복합개발사업_스펙취소 | C29: 한일상사 | D29: '2028.08 | F29: DL-P4155 | H29: 18 | I29: 46855.1 | J29: 0 | K29: =IFERROR(J29*H29,"0") -> 0 | L29: =IFERROR(K29/1000,"0") -> 0 | M29: =I29*H29 -> 843391.8 | O29: P4155 포함 | P29: 김세동 | Q29: 기타수전 | R29: 수전 | S29: 조재민
A30: 포스코건설 | B30: 서울 서초구 서리풀 복합개발사업_스펙취소 | C30: 한일상사 | D30: '2028.08 | F30: CC114K | H30: 18 | I30: 51738.8 | J30: 19 | K30: =IFERROR(J30*H30,"0") -> 342 | L30: =IFERROR(K30/1000,"0") -> 0.342 | M30: =I30*H30 -> 931298.4 | O30: P4150,P4152포함 | P30: 김세동 | Q30: F/V양변기 | R30: OEM | S30: 조재민
A31: 포스코건설 | B31: 서울 서초구 서리풀 복합개발사업_스펙취소 | C31: 한일상사 | D31: '2028.08 | F31: DL-P4150 | H31: 18 | I31: 55379.7 | J31: 0 | K31: =IFERROR(J31*H31,"0") -> 0 | L31: =IFERROR(K31/1000,"0") -> 0 | M31: =I31*H31 -> 996834.6 | O31: P4150,P4152포함 | P31: 김세동 | Q31: 기타수전 | R31: 수전 | S31: 조재민
A32: 포스코건설 | B32: 서울 서초구 서리풀 복합개발사업_스펙취소 | C32: 한일상사 | D32: '2028.08 | F32: DL-P4152 | H32: 18 | I32: 31618.2 | J32: 0 | K32: =IFERROR(J32*H32,"0") -> 0 | L32: =IFERROR(K32/1000,"0") -> 0 | M32: =I32*H32 -> 569127.6 | O32: P4150,P4152포함 | P32: 김세동 | Q32: 기타수전 | R32: 수전 | S32: 조재민
A33: 포스코건설 | B33: 서울 서초구 서리풀 복합개발사업_스펙취소 | C33: 한일상사 | D33: '2028.08 | F33: TFT304 | H33: 18 | I33: 114975.2 | J33: 0 | K33: =IFERROR(J33*H33,"0") -> 0 | L33: =IFERROR(K33/1000,"0") -> 0 | M33: =I33*H33 -> 2069553.6 | O33: P4150,P4152포함 | P33: 김세동 | Q33: 기타수전 | R33: 수전 | S33: 조재민
A34: 포스코건설 | B34: 서울 서초구 서리풀 복합개발사업_스펙취소 | C34: 한일상사 | D34: '2028.08 | F34: CC110 | H34: 7 | I34: 126374.5 | J34: 31 | K34: =IFERROR(J34*H34,"0") -> 217 | L34: =IFERROR(K34/1000,"0") -> 0.217 | M34: =I34*H34 -> 884621.5 | P34: 김세동 | Q34: 원피스 | R34: OEM | S34: 조재민
A35: 포스코건설 | B35: 서울 서초구 서리풀 복합개발사업_스펙취소 | C35: 한일상사 | D35: '2028.08 | F35: DL-P4010 | H35: 7 | I35: 3472.9 | J35: 0 | K35: =IFERROR(J35*H35,"0") -> 0 | L35: =IFERROR(K35/1000,"0") -> 0 | M35: =I35*H35 -> 24310.3 | P35: 김세동 | Q35: 기타수전 | R35: 수전 | S35: 조재민
A36: 포스코건설 | B36: 서울 서초구 서리풀 복합개발사업_스펙취소 | C36: 한일상사 | D36: '2028.08 | F36: CS1 | H36: 154 | I36: 128526.3 | J36: 22.5 | K36: =IFERROR(J36*H36,"0") -> 3465 | L36: =IFERROR(K36/1000,"0") -> 3.465 | M36: =I36*H36 -> 19793050 | P36: 김세동 | Q36: 수채 | R36: 위생도기 | S36: 조재민
A37: 포스코건설 | B37: 서울 서초구 서리풀 복합개발사업_스펙취소 | C37: 한일상사 | D37: '2028.08 | F37: DL-G4645 | H37: 154 | I37: 15773.7 | J37: 0 | K37: =IFERROR(J37*H37,"0") -> 0 | L37: =IFERROR(K37/1000,"0") -> 0 | M37: =I37*H37 -> 2429149.8 | P37: 김세동 | Q37: 기타수전 | R37: 수전 | S37: 조재민
A38: 포스코건설 | B38: 서울 서초구 서리풀 복합개발사업_스펙취소 | C38: 한일상사 | D38: '2028.08 | F38: CC730P | H38: 1534 | I38: 197117 | J38: 42 | K38: =IFERROR(J38*H38,"0") -> 64428 | L38: =IFERROR(K38/1000,"0") -> 64.428 | M38: =I38*H38 -> 302377478 | P38: 김세동 | Q38: 치마형투피스 | R38: 위생도기 | S38: 조재민
A39: 포스코건설 | B39: 서울 서초구 서리풀 복합개발사업_스펙취소 | C39: 한일상사 | D39: '2028.08 | F39: DL-P4010 | H39: 1534 | I39: 3639.1 | J39: 0 | K39: =IFERROR(J39*H39,"0") -> 0 | L39: =IFERROR(K39/1000,"0") -> 0 | M39: =I39*H39 -> 5582379.4 | P39: 김세동 | Q39: 기타수전 | R39: 수전 | S39: 조재민
A40: 포스코건설 | B40: 서울 서초구 서리풀 복합개발사업_스펙취소 | C40: 한일상사 | D40: '2028.08 | F40: CU109 | H40: 2 | I40: 124468.1 | J40: 27 | K40: =IFERROR(J40*H40,"0") -> 54 | L40: =IFERROR(K40/1000,"0") -> 0.054 | M40: =I40*H40 -> 248936.2 | P40: 김세동 | Q40: 소변기 | R40: OEM | S40: 조재민
A41: 디자인안채 | B41: 이비스 스타일 앰배서더 서울 명동 호텔 | C41: 바스플러스 | D41: '2026.02 | F41: DST-680 | H41: 180 | I41: 173992.7 | J41: 0 | K41: =IFERROR(J41*H41,"0") -> 0 | L41: =IFERROR(K41/1000,"0") -> 0 | M41: =I41*H41 -> 31318686 | O41: 설치비 제외 / 후렌지, 앵글밸브 제외 | P41: 조동욱 | Q41: 일체형비데 | R41: 비데 | S41: 윤영재
A42: 디자인안채 | B42: 이비스 스타일 앰배서더 서울 명동 호텔 | C42: 바스플러스 | D42: '2026.02 | F42: CC670EKT | H42: 180 | I42: 155433.5 | J42: 29.3 | K42: =IFERROR(J42*H42,"0") -> 5274 | L42: =IFERROR(K42/1000,"0") -> 5.274 | M42: =I42*H42 -> 27978030 | O42: 설치비 제외 / 후렌지, 앵글밸브 제외 | P42: 조동욱 | Q42: 일체형양변기 | R42: 위생도기 | S42: 윤영재
L43: 1월 취소 | M43: =SUM(M5:M42) -> 9.8006047e+08
A44: DL건설 | B44: e편한세상 평촌 어반밸리 | C44: 직납 | D44: '2026.02 | F44: CC767N | H44: 298 | I44: 108202 | J44: 31.9 | K44: =IFERROR(J44*H44,"0") -> 9506.2 | L44: =IFERROR(K44/1000,"0") -> 9.5062 | M44: =I44*H44 -> 32244196 | P44: 박준혁 | Q44: 투피스 | R44: 위생도기 | S44: 윤영재
A45: DL건설 | B45: e편한세상 평촌 어반밸리 | C45: 직납 | D45: '2026.02 | F45: TSC416D | H45: 149 | I45: 8012 | J45: 0 | K45: =IFERROR(J45*H45,"0") -> 0 | L45: =IFERROR(K45/1000,"0") -> 0 | M45: =I45*H45 -> 1193788 | P45: 박준혁 | Q45: 시트 | R45: 상품 | S45: 윤영재
A46: 효성중공업 | B46: 청주 해링턴플레이스 테크노폴리스 현장 | C46: 직납 | D46: '2026.02 | F46: DL-P4014 | H46: 732 | I46: 7794 | J46: 0 | K46: =IFERROR(J46*H46,"0") -> 0 | L46: =IFERROR(K46/1000,"0") -> 0 | M46: =I46*H46 -> 5705208 | P46: 박준혁 | Q46: 기타수전 | R46: 수전 | S46: 윤영재
A47: 효성중공업 | B47: 청주 해링턴플레이스 테크노폴리스 현장 | C47: 직납 | D47: '2026.02 | F47: DL-P4015 | H47: 732 | I47: 1105 | J47: 0 | K47: =IFERROR(J47*H47,"0") -> 0 | L47: =IFERROR(K47/1000,"0") -> 0 | M47: =I47*H47 -> 808860 | P47: 박준혁 | Q47: 기타수전 | R47: 수전 | S47: 윤영재
A48: 현대건설 | B48: 힐스테이트 구미 더 퍼스트 | C48: 직납 | D48: '2026.05 | F48: CL603 | H48: 39 | I48: 80000 | J48: 7.2 | K48: =IFERROR(J48*H48,"0") -> 280.8 | L48: =IFERROR(K48/1000,"0") -> 0.2808 | M48: =I48*H48 -> 3120000 | P48: 김광제 | Q48: 언더카운터 | R48: 위생도기 | S48: 박성진
A49: 현대건설 | B49: 힐스테이트 구미 더 퍼스트 | C49: 직납 | D49: '2026.08 | F49: TSC417D | H49: 397 | I49: 12000 | J49: 0 | K49: =IFERROR(J49*H49,"0") -> 0 | L49: =IFERROR(K49/1000,"0") -> 0 | M49: =I49*H49 -> 4764000 | P49: 김광제 | Q49: 시트 | R49: 상품 | S49: 박성진
A50: 태황건설 | B50: 광주 아델리움 지산동 1차 | C50: 주식회사 해리물산 | D50: '2026.04 | F50: CC728 | H50: 918 | I50: 110000 | J50: 40 | K50: =IFERROR(J50*H50,"0") -> 36720 | L50: =IFERROR(K50/1000,"0") -> 36.72 | M50: =I50*H50 -> 100980000 | N50: 시트(416D)포함/앵글밸브1EA,정심후렌지1EA포함, 대소구분레버 적용 | P50: 김혜림 | Q50: 투피스양변기 | R50: OEM | S50: 박기진
A51: 태황건설 | B51: 광주 아델리움 지산동 1차 | C51: 주식회사 해리물산 | D51: '2026.04 | F51: CL349V | H51: 908 | I51: 35000 | J51: 15 | K51: =IFERROR(J51*H51,"0") -> 13620 | L51: =IFERROR(K51/1000,"0") -> 13.62 | M51: =I51*H51 -> 31780000 | N51: ABS반다리, 앙카(세면대,반다리) 포함 | P51: 김혜림 | Q51: 벽붙이세면기 | R51: OEM | S51: 박기진
A52: 태황건설 | B52: 광주 아델리움 지산동 1차 | C52: 주식회사 해리물산 | D52: '2026.04 | F52: DL B3213 | H52: 454 | I52: 41500 | J52: 0 | K52: =IFERROR(J52*H52,"0") -> 0 | L52: =IFERROR(K52/1000,"0") -> 0 | M52: =I52*H52 -> 18841000 | N52: 분리형니쁠, 1F 기본 샤워헤드(DL S4512)적용 | P52: 김혜림 | Q52: 욕조수전 | R52: 수전 | S52: 박기진
A53: 태황건설 | B53: 광주 아델리움 지산동 1차 | C53: 주식회사 해리물산 | D53: '2026.04 | F53: DL S4113 | H53: 454 | I53: 10000 | J53: 0 | K53: =IFERROR(J53*H53,"0") -> 0 | L53: =IFERROR(K53/1000,"0") -> 0 | M53: =I53*H53 -> 4540000 | P53: 김혜림 | Q53: 슬라이드바 | R53: 수전 | S53: 박기진
A54: 태황건설 | B54: 광주 아델리움 지산동 1차 | C54: 주식회사 해리물산 | D54: '2026.04 | F54: DL L3210 | H54: 908 | I54: 42000 | J54: 0 | K54: =IFERROR(J54*H54,"0") -> 0 | L54: =IFERROR(K54/1000,"0") -> 0 | M54: =I54*H54 -> 38136000 | N54: 자동폽옵, P트랩, 앵글밸브2EA포함 | P54: 김혜림 | Q54: 세면수전 | R54: 수전 | S54: 박기진
A55: 태황건설 | B55: 광주 아델리움 지산동 1차 | C55: 주식회사 해리물산 | D55: '2026.04 | F55: DL K1015 | H55: 454 | I55: 43500 | J55: 0 | K55: =IFERROR(J55*H55,"0") -> 0 | L55: =IFERROR(K55/1000,"0") -> 0 | M55: =I55*H55 -> 19749000 | N55: 앵글밸브2EA포함 | P55: 김혜림 | Q55: 주방수전 | R55: 수전 | S55: 박기진
A56: 태황건설 | B56: 광주 아델리움 지산동 1차 | C56: 주식회사 해리물산 | D56: '2026.04 | F56: DL B7010 | H56: 454 | I56: 95000 | J56: 0 | K56: =IFERROR(J56*H56,"0") -> 0 | L56: =IFERROR(K56/1000,"0") -> 0 | M56: =I56*H56 -> 43130000 | N56: 900mm파이프 포함/ 샤워헤드(DL S4512), 레인헤드(DL S4520) 적용 / 언더커버 거울 제외 | P56: 김혜림 | Q56: 레인샤워 | R56: 수전 | S56: 박기진
A57: 태황건설 | B57: 광주 아델리움 지산동 1차 | C57: 주식회사 해리물산 | D57: '2026.04 | F57: DL G4541S | H57: 454 | I57: 16500 | J57: 0 | K57: =IFERROR(J57*H57,"0") -> 0 | L57: =IFERROR(K57/1000,"0") -> 0 | M57: =I57*H57 -> 7491000 | N57: 스프레이건(DL S4195), 메탈호스(2M), 행거(크롬) 포함 | P57: 김혜림 | Q57: 기타수전 | R57: 수전 | S57: 박기진
A58: 태황건설 | B58: 광주 아델리움 지산동 1차 | C58: 주식회사 해리물산 | D58: '2026.04 | F58: DL G4543SZZC | H58: 908 | I58: 5200 | J58: 0 | K58: =IFERROR(J58*H58,"0") -> 0 | L58: =IFERROR(K58/1000,"0") -> 0 | M58: =I58*H58 -> 4721600 | N58: 냉수 | P58: 김혜림 | Q58: 기타수전 | R58: 수전 | S58: 박기진
A59: 태황건설 | B59: 광주 아델리움 지산동 1차 | C59: 주식회사 해리물산 | D59: '2026.04 | F59: DL G4543SZZH | H59: 908 | I59: 5200 | J59: 0 | K59: =IFERROR(J59*H59,"0") -> 0 | L59: =IFERROR(K59/1000,"0") -> 0 | M59: =I59*H59 -> 4721600 | N59: 온수 | P59: 김혜림 | Q59: 기타수전 | R59: 수전 | S59: 박기진
A60: 롯데건설 | B60: 롯데건설(주) 이촌 르엘 (리모델링,APT) | C60: 티엔씨시스템 | D60: '2026.09 | F60: CL470F | H60: 699 | I60: 73636 | J60: 16.5 | K60: =IFERROR(J60*H60,"0") -> 11533.5 | L60: =IFERROR(K60/1000,"0") -> 11.5335 | M60: =I60*H60 -> 51471564 | O60: 오버홀3구,일반폽업,하부장 설치비 포함 | P60: 백세현 | Q60: 카운터세면기 | R60: 위생도기 | S60: 조재민
A61: 롯데건설 | B61: 롯데건설(주) 이촌 르엘 (리모델링,APT) | C61: 티엔씨시스템 | D61: '2026.09 | F61: DL-F15445 | H61: 699 | I61: 196364 | J61: 0 | K61: =IFERROR(J61*H61,"0") -> 0 | L61: =IFERROR(K61/1000,"0") -> 0 | M61: =I61*H61 -> 137258436 | O61: 오버홀3구,일반폽업,하부장 설치비 포함 | P61: 백세현 | Q61: 세면기하부장 | R61: 상품 | S61: 조재민
A62: (주)보광종합건설 | B62: 인천 석남동 동우아파트 소규모 재건축(재건축,APT) | C62: 홍세라믹 | D62: '2026.12 | F62: CL336P | H62: 444 | I62: 14763 | J62: 0 | K62: =IFERROR(J62*H62,"0") -> 0 | L62: =IFERROR(K62/1000,"0") -> 0 | M62: =I62*H62 -> 6554772 | O62: ABS반다리,반다리 앙카,비누대 포함 / 세면기 앙카 제외 | P62: 이해규 | Q62: 페데스탈 | R62: 상품 | S62: 조재민
A63: (주)보광종합건설 | B63: 인천 석남동 동우아파트 소규모 재건축(재건축,APT) | C63: 홍세라믹 | D63: '2026.12 | F63: CL347D | H63: 444 | I63: 88200 | J63: 18 | K63: =IFERROR(J63*H63,"0") -> 7992 | L63: =IFERROR(K63/1000,"0") -> 7.992 | M63: =I63*H63 -> 39160800 | O63: ABS반다리,반다리 앙카,비누대 포함 / 세면기 앙카 제외 | P63: 이해규 | Q63: 벽붙이세면기 | R63: OEM | S63: 조재민
A64: 강산건설 | B64: 강동 청년주택 현장_확정분 | C64: 케이에스비시스템 | D64: '2026.10 | F64: DL-P4031 | H64: 288 | I64: 8472 | J64: 0 | K64: =IFERROR(J64*H64,"0") -> 0 | L64: =IFERROR(K64/1000,"0") -> 0 | M64: =I64*H64 -> 2439936 | O64: 자동폽업, P트랩, 앵글밸브 포함 | P64: 권순호 | Q64: 기타수전 | R64: 수전 | S64: 김주석
A65: 엔알비 | B65: 경기 의왕 초평 A-4BL(시공사 : 엔알비)현장 | C65: 중마타일 | D65: '2026.03 | F65: CC730P | H65: 381 | I65: 190262 | J65: 42 | K65: =IFERROR(J65*H65,"0") -> 16002 | L65: =IFERROR(K65/1000,"0") -> 16.002 | M65: =I65*H65 -> 72489822 | O65: 부속(대소구분레버),댐핑시트(TSC-416D),벽배수트랩,1구역류방지 앵글밸브1EA 포함 | P65: 김혜림 | Q65: 치마형투피스 | R65: 위생도기 | S65: 박기진
A66: 엔알비 | B66: 경기 의왕 초평 A-4BL(시공사 : 엔알비)현장 | C66: 중마타일 | D66: '2026.03 | F66: DL-P4010 | H66: 381 | I66: 3903 | J66: 0 | K66: =IFERROR(J66*H66,"0") -> 0 | L66: =IFERROR(K66/1000,"0") -> 0 | M66: =I66*H66 -> 1487043 | O66: 부속(대소구분레버),댐핑시트(TSC-416D),벽배수트랩,1구역류방지 앵글밸브1EA 포함 | P66: 김혜림 | Q66: 기타수전 | R66: 수전 | S66: 박기진
A67: 엔알비 | B67: 경기 의왕 초평 A-4BL(시공사 : 엔알비)현장 | C67: 중마타일 | D67: '2026.03 | F67: CL347D | H67: 381 | I67: 28900 | J67: 18 | K67: =IFERROR(J67*H67,"0") -> 6858 | L67: =IFERROR(K67/1000,"0") -> 6.858 | M67: =I67*H67 -> 11010900 | O67: ABS반다리, 앙카, 비누대 포함 | P67: 김혜림 | Q67: 벽붙이세면기 | R67: OEM | S67: 박기진
A68: 엔알비 | B68: 경기 의왕 초평 A-4BL(시공사 : 엔알비)현장 | C68: 중마타일 | D68: '2026.03 | F68: CL336P | H68: 381 | I68: 14264 | J68: 0 | K68: =IFERROR(J68*H68,"0") -> 0 | L68: =IFERROR(K68/1000,"0") -> 0 | M68: =I68*H68 -> 5434584 | O68: ABS반다리, 앙카, 비누대 포함 | P68: 김혜림 | Q68: 페데스탈 | R68: 상품 | S68: 박기진
A69: 엔알비 | B69: 경기 의왕 초평 A-4BL(시공사 : 엔알비)현장 | C69: 중마타일 | D69: '2026.03 | F69: BFL-410 | H69: 381 | I69: 23400 | J69: 0 | K69: =IFERROR(J69*H69,"0") -> 0 | L69: =IFERROR(K69/1000,"0") -> 0 | M69: =I69*H69 -> 8915400 | O69: 바디만 / 하부부속 제외 | P69: 김혜림 | Q69: 바트라 | R69: 수전 | S69: 박기진
A70: 엔알비 | B70: 경기 의왕 초평 A-4BL(시공사 : 엔알비)현장 | C70: 중마타일 | D70: '2026.03 | F70: DL-A1902 | H70: 381 | I70: 10800 | J70: 0 | K70: =IFERROR(J70*H70,"0") -> 0 | L70: =IFERROR(K70/1000,"0") -> 0 | M70: =I70*H70 -> 4114800 | O70: 수건걸이 | P70: 김혜림 | Q70: 액세서리 | R70: 수전 | S70: 박기진
L71: 2월 취소 | M71: =SUM(M44:M70) -> 662264309
A72: 현대건설 | B72: 힐스테이트 마포더퍼스트 | C72: 직납 | D72: '2026.04 | F72: CC740 | H72: 80 | I72: 176321 | J72: 36.4 | K72: =IFERROR(J72*H72,"0") -> 2912 | L72: =IFERROR(K72/1000,"0") -> 2.912 | M72: =I72*H72 -> 14105680 | P72: 김광제 | Q72: 치마형투피스 | R72: 위생도기 | S72: 박성진
A73: 현대건설 | B73: 힐스테이트 마포더퍼스트 | C73: 직납 | D73: '2026.04 | F73: CL350D | H73: 80 | I73: 76279 | J73: 20 | K73: =IFERROR(J73*H73,"0") -> 1600 | L73: =IFERROR(K73/1000,"0") -> 1.6 | M73: =I73*H73 -> 6102320 | P73: 김광제 | Q73: 일체형세면기 | R73: 위생도기 | S73: 박성진
A74: 대우건설 | B74: 마포 푸르지오 어반피스 | C74: 세광도기 | D74: '2026.07 | F74: DL-P4010 | H74: 25 | I74: 2797 | J74: 0 | K74: =IFERROR(J74*H74,"0") -> 0 | L74: =IFERROR(K74/1000,"0") -> 0 | M74: =I74*H74 -> 69925 | O74: 부속(대소구분레버),정심후렌지1EA,앵글밸브1EA포함/시트제외 | P74: 김정완 | Q74: 기타수전 | R74: 수전 | S74: 김주석
A75: 대우건설 | B75: 마포 푸르지오 어반피스 | C75: 세광도기 | D75: '2026.09 | F75: CL336P | H75: 25 | I75: 11754 | J75: 0 | K75: =IFERROR(J75*H75,"0") -> 0 | L75: =IFERROR(K75/1000,"0") -> 0 | M75: =I75*H75 -> 293850 | O75: ABS반다리적용,앙카(세면기,반다리)포함/별도폽업타공 | P75: 김정완 | Q75: 페데스탈 | R75: 상품 | S75: 김주석
A76: 대우건설 | B76: 마포 푸르지오 어반피스 | C76: 세광도기 | D76: '2026.09 | F76: CLR336W | H76: 25 | I76: 53010 | J76: 16 | K76: =IFERROR(J76*H76,"0") -> 400 | L76: =IFERROR(K76/1000,"0") -> 0.4 | M76: =I76*H76 -> 1325250 | O76: ABS반다리적용,앙카(세면기,반다리)포함/별도폽업타공 | P76: 김정완 | Q76: 벽붙이세면기 | R76: 위생도기 | S76: 김주석
A77: 대우건설 | B77: 마포 푸르지오 어반피스 | C77: 세광도기 | D77: '2026.09 | F77: CC740 | H77: 25 | I77: 151487 | J77: 36.4 | K77: =IFERROR(J77*H77,"0") -> 910 | L77: =IFERROR(K77/1000,"0") -> 0.91 | M77: =I77*H77 -> 3787175 | O77: 부속(대소구분레버),정심후렌지1EA,앵글밸브1EA포함/시트제외 | P77: 김정완 | Q77: 치마형투피스 | R77: 위생도기 | S77: 김주석
A78: DL이앤씨 | B78: 경기 e편한세상 시흥 더블스퀘어 현장(재건축, APT) | C78: 직납 | D78: '2026.04 | F78: DST-1300LS | H78: 127 | I78: 117000 | K78: =IFERROR(J78*H78,"0") -> 0 | L78: =IFERROR(K78/1000,"0") -> 0 | M78: =I78*H78 -> 14859000 | N78: 일반 도소매 사양 | P78: 김주오 | Q78: 분리형비데 | R78: 비데
L79: 3월 취소 | M79: =SUM(M72:M78) -> 40543200

Sheet 2025정상완료
A1: 2025년 납품 완료 | C1: 1000000
D2: '2025.01 | E2: '2025.02 | F2: '2025.03 | G2: '2025.04 | H2: '2025.05 | I2: '2025.06 | J2: '2025.07 | K2: '2025.08 | L2: '2025.09 | M2: '2025.10 | N2: '2025.11 | O2: '2025.12 | P2: 합계
C3: 합계 | D3: =SUM(D4:D8) -> 5.6855372e+09 | E3: =SUM(E4:E8) -> 6.6863849e+09 | F3: =SUM(F4:F8) -> 7.6471813e+09 | G3: =SUM(G4:G8) -> 7.2565619e+09 | H3: =SUM(H4:H8) -> 4364742473 | I3: =SUM(I4:I8) -> 7581136244 | J3: =SUM(J4:J8) -> 8383261897 | K3: =SUM(K4:K8) -> 4.1858237e+09 | ... O3: =SUM(O4:O8) -> 6687156582 | P3: =SUM(D3:O3) -> 7.8121794e+10
C4: 위생도기 | D4: =SUMIFS($M$10:$M$11654,$R$10:$R$11654,$C4,$D$10:$D$11654,D2) -> 2.2783467e+09 | E4: =SUMIFS($M$10:$M$11654,$R$10:$R$11654,$C$4,$D$10:$D$11654,E2) -> 3.1031266e+09 | F4: =SUMIFS($M$10:$M$11654,$R$10:$R$11654,$C$4,$D$10:$D$11654,F2) -> 2.8518009e+09 | G4: =SUMIFS($M$10:$M$11654,$R$10:$R$11654,$C$4,$D$10:$D$11654,G2) -> 2730335523 | H4: =SUMIFS($M$10:$M$11654,$R$10:$R$11654,$C$4,$D$10:$D$11654,H2) -> 2028685132 | I4: =SUMIFS($M$10:$M$11654,$R$10:$R$11654,$C$4,$D$10:$D$11654,I2) -> 3187055566 | J4: =SUMIFS($M$10:$M$11654,$R$10:$R$11654,$C$4,$D$10:$D$11654,J2) -> 4484989772 | K4: =SUMIFS($M$10:$M$11654,$R$10:$R$11654,$C$4,$D$10:$D$11654,K2) -> 1.653492e+09 | L4: =SUMIFS($M$10:$M$11654,$R$10:$R$11654,$C$4,$D$10:$D$11654,L2) -> 2687020234 | ... O4: =SUMIFS($M$10:$M$11654,$R$10:$R$11654,$C$4,$D$10:$D$11654,O2) -> 2692042690 | P4: =SUM(D4:O4) -> 3.1596308e+10
C5: OEM | D5: =SUMIFS($M$10:$M$11654,$R$10:$R$11654,$C5,$D$10:$D$11654,D$2) -> 8.096021e+08 | E5: =SUMIFS($M$10:$M$11654,$R$10:$R$11654,$C5,$D$10:$D$11654,E$2) -> 9.7958804e+08 | F5: =SUMIFS($M$10:$M$11654,$R$10:$R$11654,$C5,$D$10:$D$11654,F$2) -> 8.2436405e+08 | G5: =SUMIFS($M$10:$M$11654,$R$10:$R$11654,$C5,$D$10:$D$11654,G$2) -> 661770529 | H5: =SUMIFS($M$10:$M$11654,$R$10:$R$11654,$C5,$D$10:$D$11654,H$2) -> 430834798 | I5: =SUMIFS($M$10:$M$11654,$R$10:$R$11654,$C5,$D$10:$D$11654,I$2) -> 668554626 | J5: =SUMIFS($M$10:$M$11654,$R$10:$R$11654,$C5,$D$10:$D$11654,J$2) -> 676092117 | K5: =SUMIFS($M$10:$M$11654,$R$10:$R$11654,$C5,$D$10:$D$11654,K$2) -> 6.4345189e+08 | ... O5: =SUMIFS($M$10:$M$11654,$R$10:$R$11654,$C5,$D$10:$D$11654,O$2) -> 653461771 | P5: =SUM(D5:O5) -> 8.0462761e+09
C6: 상품 | D6: =SUMIFS($M$10:$M$11654,$R$10:$R$11654,$C6,$D$10:$D$11654,D$2) -> 93200000 | E6: =SUMIFS($M$10:$M$11654,$R$10:$R$11654,$C6,$D$10:$D$11654,E$2) -> 1070170000 | F6: =SUMIFS($M$10:$M$11654,$R$10:$R$11654,$C6,$D$10:$D$11654,F$2) -> 514539166 | G6: =SUMIFS($M$10:$M$11654,$R$10:$R$11654,$C6,$D$10:$D$11654,G$2) -> 475914251 | H6: =SUMIFS($M$10:$M$11654,$R$10:$R$11654,$C6,$D$10:$D$11654,H$2) -> 13129990 | I6: =SUMIFS($M$10:$M$11654,$R$10:$R$11654,$C6,$D$10:$D$11654,I$2) -> 42632608 | J6: =SUMIFS($M$10:$M$11654,$R$10:$R$11654,$C6,$D$10:$D$11654,J$2) -> 34084149 | K6: =SUMIFS($M$10:$M$11654,$R$10:$R$11654,$C6,$D$10:$D$11654,K$2) -> 130466864 | L6: =SUMIFS($M$10:$M$11654,$R$10:$R$11654,$C6,$D$10:$D$11654,L$2) -> 335675784 | M6: =SUMIFS($M$10:$M$11654,$R$10:$R$11654,$C6,$D$10:$D$11654,M$2)+((M5+M4)*0.2) -> 448319345 | N6: =SUMIFS($M$10:$M$11654,$R$10:$R$11654,$C6,$D$10:$D$11654,N$2)+((N5+N4)*0.2) -> 555210321 | O6: =SUMIFS($M$10:$M$11654,$R$10:$R$11654,$C6,$D$10:$D$11654,O$2) -> 398265268 | P6: =SUM(D6:O6) -> 4111607746
C7: 수전 | D7: =SUMIFS($M$10:$M$11654,$R$10:$R$11654,$C7,$D$10:$D$11654,D$2) -> 1.6082969e+09 | E7: =SUMIFS($M$10:$M$11654,$R$10:$R$11654,$C7,$D$10:$D$11654,E$2) -> 1.0260622e+09 | F7: =SUMIFS($M$10:$M$11654,$R$10:$R$11654,$C7,$D$10:$D$11654,F$2) -> 2.3391039e+09 | G7: =SUMIFS($M$10:$M$11654,$R$10:$R$11654,$C7,$D$10:$D$11654,G$2) -> 2250905279 | H7: =SUMIFS($M$10:$M$11654,$R$10:$R$11654,$C7,$D$10:$D$11654,H$2) -> 1531673693 | I7: =SUMIFS($M$10:$M$11654,$R$10:$R$11654,$C7,$D$10:$D$11654,I$2) -> 1563202219 | J7: =SUMIFS($M$10:$M$11654,$R$10:$R$11654,$C7,$D$10:$D$11654,J$2) -> 2150784662 | K7: =SUMIFS($M$10:$M$11654,$R$10:$R$11654,$C7,$D$10:$D$11654,K$2) -> 1.3358544e+09 | ... O7: =SUMIFS($M$10:$M$11654,$R$10:$R$11654,$C7,$D$10:$D$11654,O$2) -> 1810255893 | P7: =SUM(D7:O7) -> 2.0679452e+10
C8: 비데 | D8: =SUMIFS($M$10:$M$11654,$R$10:$R$11654,$C8,$D$10:$D$11654,D$2) -> 8.9609159e+08 | E8: =SUMIFS($M$10:$M$11654,$R$10:$R$11654,$C8,$D$10:$D$11654,E$2) -> 5.0743807e+08 | F8: =SUMIFS($M$10:$M$11654,$R$10:$R$11654,$C8,$D$10:$D$11654,F$2) -> 1.1173733e+09 | G8: =SUMIFS($M$10:$M$11654,$R$10:$R$11654,$C8,$D$10:$D$11654,G$2) -> 1.1376363e+09 | H8: =SUMIFS($M$10:$M$11654,$R$10:$R$11654,$C8,$D$10:$D$11654,H$2) -> 360418860 | I8: =SUMIFS($M$10:$M$11654,$R$10:$R$11654,$C8,$D$10:$D$11654,I$2) -> 2119691225 | J8: =SUMIFS($M$10:$M$11654,$R$10:$R$11654,$C8,$D$10:$D$11654,J$2) -> 1037311197 | K8: =SUMIFS($M$10:$M$11654,$R$10:$R$11654,$C8,$D$10:$D$11654,K$2) -> 4.2255851e+08 | ... O8: =SUMIFS($M$10:$M$11654,$R$10:$R$11654,$C8,$D$10:$D$11654,O$2) -> 1133130960 | P8: =SUM(D8:O8) -> 1.3688151e+10
S9: (단위 : EA,원)
A10: 건설회사 | B10: 현장명 | C10: 대리점 | D10: 납품완료월 | E10: 기존 납품월 | F10: 품목 | G10: 색상 | H10: 수량 | I10: 단가 | J10: 중량(KG) | K10: 총무게(KG) | L10: 총(TON) | M10: 금액 | N10: 특수사양 | O10: 비고 | P10: 담당자 | Q10: 품목 | R10: 구분 | S10: SPEC담당
A11: 서해종합건설 | B11: 병점역 서해 스카이팰리스 3단지 | C11: 두림위생도기 | D11: '2025.01 | E11: '2025.01 | F11: CC670 | H11: 246 | I11: 120282.93 | J11: 29.3 | K11: =H11*J11 -> 7207.8 | L11: =K11/1000 -> 7.2078 | M11: =H11*I11 -> 29589602 | P11: 이승현2 | Q11: 일체형양변기 | R11: 위생도기 | S11: 박기진
A12: 금호건설 | B12: 동탄 어울림 파밀리에 숨마 데시앙(1차) | C12: 디엔산업 | D12: '2025.01 | E12: '2025.01 | F12: CC670 | H12: 301 | I12: 120282.93 | J12: 29.3 | K12: =H12*J12 -> 8819.3 | L12: =K12/1000 -> 8.8193 | M12: =H12*I12 -> 36205163 | P12: 이승현2 | Q12: 일체형양변기 | R12: 위생도기 | S12: 박기진
A13: 금호건설 | B13: 동탄 어울림 파밀리에 숨마 데시앙(1차) | C13: 디엔산업 | D13: '2025.01 | E13: '2025.01 | F13: CL370 | H13: 301 | I13: 80001 | J13: 27 | K13: =H13*J13 -> 8127 | L13: =K13/1000 -> 8.127 | M13: =H13*I13 -> 24080301 | P13: 이승현2 | Q13: 일체형세면기 | R13: OEM | S13: 박기진
A14: 금호건설 | B14: 동탄 어울림 파밀리에 숨마 데시앙(1차) | C14: 디엔산업 | D14: '2025.01 | E14: '2025.01 | F14: CL349V | H14: 301 | I14: 15103.011 | J14: 15 | K14: =H14*J14 -> 4515 | L14: =K14/1000 -> 4.515 | M14: =H14*I14 -> 4546006.4 | P14: 이승현2 | Q14: 벽붙이세면기 | R14: OEM | S14: 박기진
A15: 금호건설 | B15: 동탄 어울림 파밀리에 숨마 데시앙(2차) | C15: 디엔산업 | D15: '2025.01 | E15: '2025.01 | F15: CC728 | H15: 301 | I15: 91000 | J15: 40.5 | K15: =H15*J15 -> 12190.5 | L15: =K15/1000 -> 12.1905 | M15: =H15*I15 -> 27391000 | P15: 이승현2 | Q15: 치마형투피스 | R15: OEM | S15: 박기진
A16: 금호건설 | B16: 동탄 어울림 파밀리에 숨마 데시앙(2차) | C16: 디엔산업 | D16: '2025.01 | E16: '2025.01 | F16: DL-L5610 | H16: 729 | I16: 44134.1 | J16: 0 | K16: =J16*H16 -> 0 | L16: =K16/1000 -> 0 | M16: =H16*I16 -> 32173759 | O16: 자동폽업, 트랩, 앵글밸브 포함 | P16: 이승현2 | Q16: 세면수전 | R16: 수전 | S16: 윤영재
A17: 금호건설 | B17: 동탄 어울림 파밀리에 숨마 데시앙(2차) | C17: 디엔산업 | D17: '2025.01 | E17: '2025.01 | F17: DL-B6010 | H17: 729 | I17: 76965.5 | J17: 0 | K17: =J17*H17 -> 0 | L17: =K17/1000 -> 0 | M17: =H17*I17 -> 56107850 | P17: 이승현2 | Q17: 레인샤워 | R17: 수전 | S17: 윤영재
A18: 현대산업개발 | B18: 동대문 이문3구역 아이파크자이(위생도기) 2차 (변경건임, 추가X) | C18: 레코드 | D18: '2025.01 | E18: '2025.01 | F18: DL-P4922 | H18: 729 | I18: 15724.1 | J18: 0 | K18: =J18*H18 -> 0 | L18: =K18/1000 -> 0 | M18: =H18*I18 -> 11462869 | P18: 이승현2 | Q18: 기타수전 | R18: 수전 | S18: 윤영재
A19: DL건설 | B19: 시티 광교 웰스 하임 | C19: 직납 | D19: '2025.01 | E19: '2025.01 | F19: DL-S4580 | H19: 729 | I19: 5958.6 | J19: 0 | K19: =J19*H19 -> 0 | L19: =K19/1000 -> 0 | M19: =H19*I19 -> 4343819.4 | P19: 이승현2 | Q19: 기타수전 | R19: 수전 | S19: 윤영재
A20: 계룡건설 | B20: 나라키움 대전통합청사 현장_비주거 | C20: 세종통상 | D20: '2025.01 | E20: '2025.01 | F20: DL-K3015 | H20: 531 | I20: 51767.2 | J20: 0 | K20: =J20*H20 -> 0 | L20: =K20/1000 -> 0 | M20: =H20*I20 -> 27488383 | O20: 앵글밸브 포함 | P20: 이승현2 | Q20: 싱크수전 | R20: 수전 | S20: 윤영재
A21: 계룡건설 | B21: 나라키움 대전통합청사 현장_비주거 | C21: 세종통상 | D21: '2025.01 | E21: '2025.01 | F21: DL-G4543SC | H21: 531 | I21: 7400 | J21: 0 | K21: =J21*H21 -> 0 | L21: =K21/1000 -> 0 | M21: =H21*I21 -> 3929400 | P21: 이승현2 | Q21: 기타수전 | R21: 수전 | S21: 윤영재
A22: 계룡건설 | B22: 나라키움 대전통합청사 현장_비주거 | C22: 세종통상 | D22: '2025.01 | E22: '2025.01 | F22: DL-G4543SH | H22: 531 | I22: 7400 | J22: 0 | K22: =J22*H22 -> 0 | L22: =K22/1000 -> 0 | M22: =H22*I22 -> 3929400 | P22: 이승현2 | Q22: 기타수전 | R22: 수전 | S22: 윤영재
A23: 계룡건설 | B23: 나라키움 대전통합청사 현장_비주거 | C23: 세종통상 | D23: '2025.01 | E23: '2025.01 | F23: CC267 | G23: WHW | H23: 786 | I23: 110000 | J23: 34.6 | K23: =H23*J23 -> 27195.6 | L23: =K23/1000 -> 27.1956 | M23: =H23*I23 -> 86460000 | O23: 시트 제외(793개) | P23: 이승현2 | Q23: 원피스 | R23: 위생도기 | S23: 박기진
A24: 계룡건설 | B24: 나라키움 대전통합청사 현장_비주거 | C24: 세종통상 | D24: '2025.01 | E24: '2025.01 | F24: CLL336S | G24: WHW | H24: 181 | I24: 31600 | J24: 11.8 | K24: =H24*J24 -> 2135.8 | L24: =K24/1000 -> 2.1358 | M24: =H24*I24 -> 5719600 | N24: 별도폽업 | O24: ABS반다리 | P24: 이승현2 | Q24: 벽붙이세면기 | R24: 위생도기 | S24: 박기진
A25: 계룡건설 | B25: 나라키움 대전통합청사 현장_비주거 | C25: 세종통상 | D25: '2025.01 | E25: '2025.01 | F25: CLL755S | G25: WHW | H25: 149 | I25: 36800 | J25: 14 | K25: =H25*J25 -> 2086 | L25: =K25/1000 -> 2.086 | M25: =H25*I25 -> 5483200 | N25: 별도폽업 | O25: ABS반다리 | P25: 이승현2 | Q25: 벽붙이세면기 | R25: 위생도기 | S25: 박기진
A26: 계룡건설 | B26: 나라키움 대전통합청사 현장_비주거 | C26: 세종통상 | D26: '2025.01 | E26: '2025.01 | F26: CL384 | H26: 1285 | I26: 100000 | J26: 24.5 | K26: =J26*H26 -> 31482.5 | L26: =K26/1000 -> 31.4825 | M26: =H26*I26 -> 128500000 | P26: 이승현2 | Q26: 일체형세면기 | R26: OEM | S26: 윤영제
A27: 계룡건설 | B27: 나라키움 대전통합청사 현장_비주거 | C27: 세종통상 | D27: '2025.01 | E27: '2025.01 | F27: BFB521 | H27: 1262 | I27: 100000 | K27: =J27*H27 -> 0 | L27: =K27/1000 -> 0 | M27: =H27*I27 -> 126200000 | P27: 이승현2 | Q27: 레인샤워 | R27: 수전 | S27: 장민수
A28: 계룡건설 | B28: 나라키움 대전통합청사 현장_비주거 | C28: 세종통상 | D28: '2025.01 | E28: '2025.01 | F28: CL603 | G28: WHW | H28: 227 | I28: 59400 | J28: 7.2 | K28: =H28*J28 -> 1634.4 | L28: =K28/1000 -> 1.6344 | M28: =H28*I28 -> 13483800 | P28: 강승근 | Q28: 언더카운터 | R28: 위생도기 | S28: 윤영재
A29: 계룡건설 | B29: 나라키움 대전통합청사 현장_비주거 | C29: 세종통상 | D29: '2025.01 | E29: '2025.01 | F29: DL-L5610 | H29: 227 | I29: 43100 | J29: 0 | K29: =H29*J29 -> 0 | L29: =K29/1000 -> 0 | M29: =H29*I29 -> 9783700 | P29: 강승근 | Q29: 세면수전 | R29: 수전 | S29: 윤영재
A30: 계룡건설 | B30: 나라키움 대전통합청사 현장_비주거 | C30: 세종통상 | D30: '2025.01 | E30: '2025.01 | F30: DL-P4010 | H30: 782 | I30: 2794.1 | J30: 0 | K30: =H30*J30 -> 0 | L30: =K30/1000 -> 0 | M30: =H30*I30 -> 2184986.2 | O30: 사이드폽업, P트랩, 1구 앵글밸브2EA 포함 | P30: 강승근 | Q30: 액세서리 | R30: 수전 | S30: 박기진
A31: 계룡건설 | B31: 나라키움 대전통합청사 현장_비주거 | C31: 세종통상 | D31: '2025.01 | E31: '2025.01 | F31: DL-G4441C | H31: 1047 | I31: 15000 | J31: 0 | K31: =H31*J31 -> 0 | L31: =K31/1000 -> 0 | M31: =H31*I31 -> 15705000 | P31: 김세동 | Q31: 가로꼭지 | R31: 수전 | S31: 조재민
A32: 계룡건설 | B32: 나라키움 대전통합청사 현장_비주거 | C32: 세종통상 | D32: '2025.01 | E32: '2025.01 | F32: DL-G4443H | H32: 1047 | I32: 8000 | J32: 0 | K32: =H32*J32 -> 0 | L32: =K32/1000 -> 0 | M32: =H32*I32 -> 8376000 | P32: 김세동 | Q32: 가로꼭지 | R32: 수전 | S32: 조재민
A33: 계룡건설 | B33: 나라키움 대전통합청사 현장_비주거 | C33: 세종통상 | D33: '2025.01 | E33: '2025.01 | F33: CC660NN | G33: WHW | H33: 331 | I33: 137700 | J33: 27 | K33: =H33*J33 -> 8937 | L33: =K33/1000 -> 8.937 | M33: =H33*I33 -> 45578700 | P33: 김주오 | Q33: 일체형양변기 | R33: 위생도기 | S33: 조재민
A34: 계룡건설 | B34: 나라키움 대전통합청사 현장_비주거 | C34: 세종통상 | D34: '2025.01 | E34: '2025.01 | F34: CLR463 | G34: WHW | H34: 65 | I34: 87000 | J34: 15 | K34: =H34*J34 -> 975 | L34: =K34/1000 -> 0.975 | M34: =H34*I34 -> 5655000 | P34: 김주오 | Q34: 탑카운터 | R34: 위생도기 | S34: 조재민
A35: 계룡건설 | B35: 나라키움 대전통합청사 현장_비주거 | C35: 세종통상 | D35: '2025.01 | E35: '2025.01 | F35: DA-1460 | H35: 953 | I35: 1900 | J35: 0 | K35: =H35*J35 -> 0 | L35: =K35/1000 -> 0 | M35: =H35*I35 -> 1810700 | P35: 김주오 | Q35: 액세서리 | R35: 수전 | S35: 조재민
A36: 계룡건설 | B36: 나라키움 대전통합청사 현장_비주거 | C36: 세종통상 | D36: '2025.01 | E36: '2025.01 | F36: DA-14066 | H36: 477 | I36: 16800 | J36: 0 | K36: =H36*J36 -> 0 | L36: =K36/1000 -> 0 | M36: =H36*I36 -> 8013600 | P36: 김주오 | Q36: 액세서리 | R36: 수전 | S36: 조재민
A37: 계룡건설 | B37: 나라키움 대전통합청사 현장_비주거 | C37: 세종통상 | D37: '2025.01 | E37: '2025.01 | F37: DA-12060 | H37: 953 | I37: 13700 | J37: 0 | K37: =H37*J37 -> 0 | L37: =K37/1000 -> 0 | M37: =H37*I37 -> 13056100 | P37: 김주오 | Q37: 액세서리 | R37: 수전 | S37: 조재민
A38: 계룡건설 | B38: 나라키움 대전통합청사 현장_비주거 | C38: 세종통상 | D38: '2025.01 | E38: '2025.01 | F38: DA-12990T | H38: 477 | I38: 21600 | J38: 0 | K38: =H38*J38 -> 0 | L38: =K38/1000 -> 0 | M38: =H38*I38 -> 10303200 | P38: 김주오 | Q38: 액세서리 | R38: 수전 | S38: 조재민
A39: 대우건설 | B39: 포항 구룡포 푸르지오 마린시티 현장 | C39: 세광도기 | D39: '2025.01 | E39: '2025.01 | F39: DA-12990TS | H39: 477 | I39: 27400 | J39: 0 | K39: =H39*J39 -> 0 | L39: =K39/1000 -> 0 | M39: =H39*I39 -> 13069800 | P39: 김주오 | Q39: 액세서리 | R39: 수전 | S39: 조재민
A40: 대우건설 | B40: 포항 구룡포 푸르지오 마린시티 현장 | C40: 세광도기 | D40: '2025.01 | E40: '2025.01 | F40: DL-B7010 | H40: 477 | I40: 100000 | K40: =H40*J40 -> 0 | L40: =K40/1000 -> 0 | M40: =H40*I40 -> 47700000 | P40: 김주오 | Q40: 레인샤워 | R40: 수전 | S40: 조재만
A41: 한화 | B41: 포레나 평택 화양(1차 납품) | C41: 세광도기 | D41: '2025.01 | E41: '2025.01 | F41: DL-B7014SD | H41: 48 | I41: 76500 | J41: 0 | K41: =H41*J41 -> 0 | L41: =K41/1000 -> 0 | M41: =H41*I41 -> 3672000 | P41: 김주오 | Q41: 욕조수전 | R41: 수전 | S41: 조재민
A42: 한화 | B42: 포레나 평택 화양(1차 납품) | C42: 세광도기 | D42: '2025.01 | E42: '2025.01 | F42: DL-S4106 | H42: 477 | I42: 14000 | J42: 0 | K42: =H42*J42 -> 0 | L42: =K42/1000 -> 0 | M42: =H42*I42 -> 6678000 | P42: 김주오 | Q42: 슬라이드바 | R42: 수전 | S42: 조재민
A43: 한화 | B43: 포레나 평택 화양(1차 납품) | C43: 세광도기 | D43: '2025.01 | E43: '2025.01 | F43: DL-A9024 | H43: 477 | I43: 12000 | J43: 0 | K43: =H43*J43 -> 0 | L43: =K43/1000 -> 0 | M43: =H43*I43 -> 5724000 | P43: 김주오 | Q43: 액세서리 | R43: 수전 | S43: 조재민
A44: 계룡건설 | B44: 나라키움 대전통합청사 현장_비주거 | C44: 세종통상 | D44: '2025.01 | E44: '2025.01 | F44: DL-A9021 | H44: 477 | I44: 20000 | J44: 0 | K44: =H44*J44 -> 0 | L44: =K44/1000 -> 0 | M44: =H44*I44 -> 9540000 | P44: 김주오 | Q44: 액세서리 | R44: 수전 | S44: 조재민
A45: 계룡건설 | B45: 나라키움 대전통합청사 현장_비주거 | C45: 세종통상 | D45: '2025.01 | E45: '2025.01 | F45: DL-K3115 | H45: 477 | I45: 56000 | J45: 0 | K45: =H45*J45 -> 0 | L45: =K45/1000 -> 0 | M45: =H45*I45 -> 26712000 | P45: 김주오 | Q45: 싱크수전 | R45: 수전 | S45: 조재민
A46: 계룡건설 | B46: 나라키움 대전통합청사 현장_비주거 | C46: 세종통상 | D46: '2025.01 | E46: '2025.01 | F46: DL-K1417 | H46: 477 | I46: 50000 | J46: 0 | K46: =H46*J46 -> 0 | L46: =K46/1000 -> 0 | M46: =H46*I46 -> 23850000 | P46: 김주오 | Q46: 싱크수전 | R46: 수전 | S46: 조재민
A47: 계룡건설 | B47: 나라키움 대전통합청사 현장_비주거 | C47: 세종통상 | D47: '2025.01 | E47: '2025.01 | F47: DL-G4441C | H47: 477 | I47: 12000 | J47: 0 | K47: =H47*J47 -> 0 | L47: =K47/1000 -> 0 | M47: =H47*I47 -> 5724000 | P47: 김주오 | Q47: 가로꼭지 | R47: 수전 | S47: 조재민
A48: 계룡건설 | B48: 나라키움 대전통합청사 현장_비주거 | C48: 세종통상 | D48: '2025.01 | E48: '2025.01 | F48: DL-G4441H | H48: 477 | I48: 12000 | J48: 0 | K48: =H48*J48 -> 0 | L48: =K48/1000 -> 0 | M48: =H48*I48 -> 5724000 | P48: 김주오 | Q48: 가로꼭지 | R48: 수전 | S48: 조재민
A49: 계룡건설 | B49: 나라키움 대전통합청사 현장_비주거 | C49: 세종통상 | D49: '2025.01 | E49: '2025.01 | F49: CC660NN | G49: WHW | H49: 331 | I49: 137700 | J49: 27 | K49: =H49*J49 -> 8937 | L49: =K49/1000 -> 8.937 | M49: =H49*I49 -> 45578700 | P49: 김주오 | Q49: 일체형양변기 | R49: 위생도기 | S49: 조재민
A50: 국보디자인 | B50: 남산N서울타워 | C50: 시내울산업 | D50: '2025.01 | E50: '2025.01 | F50: CLR463 | G50: WHW | H50: 65 | I50: 87000 | J50: 15 | K50: =H50*J50 -> 975 | L50: =K50/1000 -> 0.975 | M50: =H50*I50 -> 5655000 | P50: 김주오 | Q50: 탑카운터 | R50: 위생도기 | S50: 조재민
A51: 국보디자인 | B51: 남산N서울타워 | C51: 시내울산업 | D51: '2025.01 | E51: '2025.01 | F51: DL-A9021 | H51: 90 | I51: 18794.2 | J51: 0 | K51: =J51*H51 -> 0 | L51: =K51/1000 -> 0 | M51: =H51*I51 -> 1691478 | O51: - 호스(2M), 언더커버, 면도경 포함 / S4520, S4551 헤드 적용 | P51: 김주오 | Q51: 액세서리 | R51: 수전 | S51: 윤영재
A52: 국보디자인 | B52: 남산N서울타워 | C52: 시내울산업 | D52: '2025.01 | E52: '2025.01 | F52: DL-A9081 | H52: 90 | I52: 16830.6 | J52: 0 | K52: =J52*H52 -> 0 | L52: =K52/1000 -> 0 | M52: =H52*I52 -> 1514754 | O52: - 호스(2M), 언더커버, 면도경 포함 / S4520, S4551 헤드 적용 | P52: 김주오 | Q52: 액세서리 | R52: 수전 | S52: 윤영재
A53: 국보디자인 | B53: 남산N서울타워 | C53: 시내울산업 | D53: '2025.01 | E53: '2025.01 | F53: DL-P4904 | H53: 90 | I53: 13324.2 | J53: 0 | K53: =J53*H53 -> 0 | L53: =K53/1000 -> 0 | M53: =H53*I53 -> 1199178 | O53: - 호스(2M), 언더커버, 면도경 포함 / S4520, S4551 헤드 적용 | P53: 김주오 | Q53: 기타수전 | R53: 수전 | S53: 윤영재
A54: 국보디자인 | B54: 남산N서울타워 | C54: 시내울산업 | D54: '2025.01 | E54: '2025.01 | F54: DL-S4520 | H54: 90 | I54: 8064.7 | J54: 0 | K54: =J54*H54 -> 0 | L54: =K54/1000 -> 0 | M54: =H54*I54 -> 725823 | O54: - 호스(2M), 언더커버, 면도경 포함 / S4520, S4551 헤드 적용 | P54: 김주오 | Q54: 기타수전 | R54: 수전 | S54: 윤영재
A55: 국보디자인 | B55: 남산N서울타워 | C55: 시내울산업 | D55: '2025.01 | E55: '2025.01 | F55: DL-B7010 | H55: 90 | I55: 71249.5 | J55: 0 | K55: =J55*H55 -> 0 | L55: =K55/1000 -> 0 | M55: =H55*I55 -> 6412455 | O55: - 호스(2M), 언더커버, 면도경 포함 / S4520, S4551 헤드 적용 | P55: 김주오 | Q55: 레인샤워 | R55: 수전 | S55: 윤영재
A56: 국보디자인 | B56: 남산N서울타워 | C56: 시내울산업 | D56: '2025.01 | E56: '2025.01 | F56: DA-12060 | H56: 180 | I56: 14000 | J56: 0 | K56: =J56*H56 -> 0 | L56: =K56/1000 -> 0 | M56: =H56*I56 -> 2520000 | O56: _x000D_ | P56: 김주오 | Q56: 액세서리 | R56: 수전 | S56: 윤영재
A57: 국보디자인 | B57: 남산N서울타워 | C57: 시내울산업 | D57: '2025.01 | E57: '2025.01 | F57: DL-L5110 | H57: 180 | I57: 29718.7 | J57: 0 | K57: =J57*H57 -> 0 | L57: =K57/1000 -> 0 | M57: =H57*I57 -> 5349366 | O57: - 폽업, 트랩, 앵글밸브(70파이 왕), 폽업 가이드, 꺽임로드 포함 | P57: 김주오 | Q57: 세면수전 | R57: 수전 | S57: 윤영재
A58: LH | B58: 경주 | C58: 시내울산업 | D58: '2025.01 | E58: '2025.01 | F58: DL-G4443H | H58: 90 | I58: 8000 | J58: 0 | K58: =J58*H58 -> 0 | L58: =K58/1000 -> 0 | M58: =H58*I58 -> 720000 | P58: 김주오 | Q58: 기타수전 | R58: 수전 | S58: 윤영재
A59: LH | B59: 경주 | C59: 시내울산업 | D59: '2025.01 | E59: '2025.01 | F59: DL-G4441C | H59: 90 | I59: 15000 | J59: 0 | K59: =J59*H59 -> 0 | L59: =K59/1000 -> 0 | M59: =H59*I59 -> 1350000 | P59: 김주오 | Q59: 기타수전 | R59: 수전 | S59: 윤영재
A60: LH | B60: 경주 | C60: 시내울산업 | D60: '2025.01 | E60: '2025.01 | F60: DL-S4106 | H60: 92 | I60: 14364.7 | J60: 0 | K60: =J60*H60 -> 0 | L60: =K60/1000 -> 0 | M60: =H60*I60 -> 1321552.4 | O60: - 호스(2M), S4106 슬라이드바 포함 / S4551 헤드 적용 | P60: 김주오 | Q60: 기타수전 | R60: 수전 | S60: 윤영재
A61: 계룡건설 | B61: 나라키움 대전통합청사 현장_비주거 | C61: 세종통상 | D61: '2025.01 | E61: '2025.01 | F61: DL-B7014SD | H61: 92 | I61: 70009.8 | J61: 0 | K61: =J61*H61 -> 0 | L61: =K61/1000 -> 0 | M61: =H61*I61 -> 6440901.6 | O61: - 호스(2M), S4106 슬라이드바 포함 / S4551 헤드 적용 | P61: 김주오 | Q61: 레인샤워 | R61: 수전 | S61: 윤영재
A62: 계룡건설 | B62: 나라키움 대전통합청사 현장_비주거 | C62: 세종통상 | D62: '2025.01 | E62: '2025.01 | F62: DA-14066 | H62: 92 | I62: 17000 | J62: 0 | K62: =J62*H62 -> 0 | L62: =K62/1000 -> 0 | M62: =H62*I62 -> 1564000 | P62: 김주오 | Q62: 액세서리 | R62: 수전 | S62: 윤영재
A63: 계룡건설 | B63: 나라키움 대전통합청사 현장_비주거 | C63: 세종통상 | D63: '2025.01 | E63: '2025.01 | F63: DA-12990TS | H63: 180 | I63: 28000 | J63: 0 | K63: =J63*H63 -> 0 | L63: =K63/1000 -> 0 | M63: =H63*I63 -> 5040000 | P63: 김주오 | Q63: 액세서리 | R63: 수전 | S63: 윤영재
A64: 계룡건설 | B64: 나라키움 대전통합청사 현장_비주거 | C64: 세종통상 | D64: '2025.01 | E64: '2025.01 | F64: CLR336N | H64: 90 | I64: 45280.9 | J64: 11.8 | K64: =J64*H64 -> 1062 | L64: =K64/1000 -> 1.062 | M64: =H64*I64 -> 4075281 | O64: - ABS반다리 적용, 우측 별도 폽업 | P64: 김주오 | Q64: 벽붙이세면기 | R64: 위생도기 | S64: 윤영재
A65: 계룡건설 | B65: 나라키움 대전통합청사 현장_비주거 | C65: 세종통상 | D65: '2025.01 | E65: '2025.01 | F65: CC767N | H65: 180 | I65: 110000 | J65: 31.3 | K65: =J65*H65 -> 5634 | L65: =K65/1000 -> 5.634 | M65: =H65*I65 -> 19800000 | O65: - 양부속, 시트 포함 / 앵글밸브 70파이 왕 적용 | P65: 김주오 | Q65: 투피스 | R65: 위생도기 | S65: 윤영재
